Code du d√©partement;Code de la circonscription;Inscrits;JOLY;LE_PEN;SARKOZY;MELENCHON;POUTOU;ARTHAUD;CHEMINADE;BAYROU;DUPONT-AIGNAN;HOLLANDE
1;1;79016;1286;13482;18845;6038;697;404;156;6704;1465;15675
1;2;86823;1469;15610;22322;6778;634;330;177;7287;1584;16126
1;3;69832;1912;9072;17472;5572;604;267;178;6344;1177;12682
1;4;84491;1340;15186;22666;5748;680;404;183;6920;1636;15084
1;5;73646;1261;13190;16417;6762;708;389;166;5395;1346;13529
2;1;72609;742;14519;13626;5767;836;526;117;4013;1164;16717
2;2;73200;625;14585;14766;5927;593;422;147;3891;1121;16484
2;3;70339;472;15500;13422;5138;768;514;134;3182;1032;15481
2;4;78925;642;16050;13844;6960;753;480;152;4007;1139;16841
2;5;80995;974;17798;16432;6568;910;548;188;4802;1397;15228
3;1;90369;1229;13166;17001;10274;938;546;169;6151;1497;22305
3;2;86813;982;11832;15219;10932;894;512;155;5750;1255;21366
3;3;79093;1021;12738;17257;6763;752;424;133;5913;1316;17460
4;1;60613;1348;10785;12124;7454;722;259;128;3500;886;12385
4;2;63320;1585;10090;13544;7815;672;228;155;3983;959;12166
5;1;56117;1443;8545;11235;6363;498;250;101;4740;937;11513
5;2;50748;1704;6814;11420;5812;654;238;111;3819;845;9735
6;1;82234;1358;13669;21807;6236;389;167;140;3747;839;13867
6;2;82299;1772;15984;21592;6534;561;204;155;4888;1198;12733
6;3;87319;1295;16606;22145;6515;433;201;142;4394;911;15112
6;4;84775;1347;17607;23450;6375;515;223;152;3861;1218;11030
6;5;85302;1225;17396;23509;5883;458;173;141;4228;1073;13593
6;6;76051;1195;14790;23923;3883;358;131;105;4045;991;10234
6;7;89503;1889;13746;29151;5294;503;184;166;5691;1159;13161
6;8;80621;1106;13725;27046;4287;372;133;100;3683;879;11086
6;9;77184;1369;13459;24115;4486;459;160;137;4443;973;11174
7;1;76468;1572;13403;13552;9138;848;377;166;5292;1273;17039
7;2;90863;1910;15116;19561;8761;1043;524;215;7958;1599;18804
7;3;76020;2139;11697;14574;10348;859;356;140;5123;1018;16313
8;1;73103;744;14269;15052;4994;756;434;135;4812;1060;15552
8;2;64937;570;11978;10643;5233;595;347;122;3008;828;16133
8;3;58539;554;11381;11829;4033;630;404;109;3731;899;12756
9;1;56627;1383;7377;8108;8268;689;280;113;2948;640;16898
9;2;59743;1359;8748;9871;7929;707;248;108;3463;806;16105
10;1;64650;647;14255;16305;3619;544;358;122;4405;1177;10709
10;2;74378;940;14621;19131;4610;606;353;147;5133;1255;13326
10;3;64562;707;11864;13760;4631;482;279;138;4037;1092;12932
11;1;92914;1431;18260;15670;9938;889;380;135;4411;1061;24249
11;2;83707;1226;16691;15546;8825;802;341;142;3989;953;18685
11;3;87667;1859;15283;15585;9693;1033;395;181;4676;1170;22849
12;1;75555;1370;8438;18670;6740;712;287;137;8506;1081;17527
12;2;70784;1220;7433;12731;7928;777;320;156;7045;970;19846
12;3;72008;1653;9748;14950;7614;928;362;142;7258;1044;16120
13;1;73802;937;14714;17091;7203;373;185;102;3513;796;13618
13;2;77359;1691;10423;24511;6316;396;130;118;4443;688;13346
13;3;70255;794;14192;12881;7051;346;179;82;2630;611;15333
13;4;58642;1539;6243;7156;8604;365;185;86;1798;322;16895
13;5;68683;1516;10078;15224;7540;406;134;99;3463;647;14443
13;6;72502;982;13125;17702;6562;438;154;116;3428;737;13715
13;7;62963;567;10517;6072;8424;282;200;76;1344;359;17468
13;8;92844;1445;18705;21527;8036;632;290;177;5756;1272;16831
13;9;92567;1634;17613;22599;10553;589;224;151;4662;1064;15510
13;10;100091;1741;20710;22926;10959;633;301;189;5830;1175;17406
13;11;85219;1617;13742;21321;7864;401;200;149;5328;903;15723
13;12;88672;977;21070;18791;8450;573;244;138;3834;1010;15391
13;13;90488;1136;18495;14068;15567;848;395;181;3634;906;17073
13;14;93914;2362;12867;23068;8791;536;222;229;6538;1173;19280
13;15;98261;1748;21288;24371;8277;741;290;197;5778;1447;16125
13;16;88504;1291;19566;16867;9522;734;308;159;4103;977;16895
14;1;70127;1793;6188;14798;6655;727;307;137;6504;1022;19172
14;2;66999;1289;7353;10825;7267;754;346;147;5532;873;19825
14;3;78426;1101;12916;17097;6159;953;527;150;5684;1338;17072
14;4;97698;1387;13254;26852;7722;935;441;190;7167;1577;19824
14;5;86325;1555;11738;20808;6905;930;442;179;7578;1596;19642
14;6;90972;1444;13677;19365;7688;1086;578;205;8097;1821;22238
15;1;64476;871;7497;14142;5179;619;300;133;5435;874;17723
15;2;56486;663;7380;14009;3657;599;287;107;5545;756;12630
16;1;84091;1411;10476;14635;7767;836;342;142;5868;1158;23549
16;2;84766;1274;12611;17472;6787;1060;510;171;6333;1497;20279
16;3;91908;1158;14034;16184;9153;1188;608;210;6260;1623;24863
17;1;98777;2482;9118;22446;8831;924;341;145;7376;1266;26008
17;2;97478;1722;13084;20103;9026;1114;438;171;7330;1655;24042
17;3;81932;1320;11705;16460;7315;1021;441;156;6023;1456;19303
17;4;87772;1210;14821;20378;6329;1078;438;178;6349;1631;18026
17;5;105988;1644;17348;27044;7812;1255;503;238;7303;1892;20442
18;1;74882;984;11114;16156;7134;681;415;145;5422;1252;15334
18;2;70193;822;10257;12429;9597;689;435;118;4482;1030;14971
18;3;85842;1055;14454;16746;8348;848;537;170;6144;1543;18303
19;1;94710;1144;9942;15907;9405;855;332;137;5305;1333;35882
19;2;91991;1011;10842;17799;7057;726;327;140;5519;1244;31188
2A;1;47907;856;9112;10728;3220;441;102;88;1837;341;8459
2A;2;53775;802;9969;12895;3971;432;118;75;2232;456;8081
2B;1;54684;932;9995;12505;4600;503;154;93;1996;464;9670
2B;2;63983;1088;10133;14364;4043;498;128;81;1985;466;12819
21;1;67618;1611;7204;17901;5163;430;236;150;5731;895;16700
21;2;66116;1166;9956;15187;5001;530;281;128;4996;1019;15455
21;3;69129;1039;10891;13477;5944;569;302;121;4792;1097;17663
21;4;69026;1075;11963;15541;5538;756;402;136;5241;1231;14314
21;5;82900;1182;14458;20482;5850;785;410;159;6326;1398;16189
22;1;89049;2199;9121;16426;9538;912;444;186;8192;1144;25265
22;2;93735;1943;11304;21530;8107;1022;489;175;8489;1462;24973
22;3;86224;1357;11124;18914;7820;974;531;170;8201;1393;23121
22;4;79616;2016;9064;12667;10337;1058;516;189;6842;1081;23415
22;5;102337;3030;10939;21018;10501;1088;572;189;8516;1414;28559
23;1;96875;1369;12651;17280;10117;1156;557;195;6476;1502;26447
24;1;75024;1254;9878;13499;9351;856;369;123;4756;1136;20595
24;2;81118;1506;13526;15855;8154;878;340;179;5959;1208;18850
24;3;69063;1029;9492;13591;7644;802;376;120;4377;1140;18994
24;4;86728;1736;11139;16402;10340;997;395;188;5806;1363;24611
25;1;72913;1574;9446;15221;7699;636;362;116;5297;953;17178
25;2;76234;1934;9202;17429;8114;641;296;154;5712;1080;17599
25;3;65441;891;12213;14518;5036;650;424;138;4310;966;13893
25;4;67347;803;14330;11907;5480;700;435;133;3791;944;15341
25;5;77258;1645;10730;23961;5607;818;365;209;6529;1421;12581
26;1;72800;1540;10352;16159;6345;571;343;140;5217;1013;16518
26;2;87735;1497;16995;18497;7984;753;375;211;5920;1351;17415
26;3;102551;3544;16281;21429;12400;1071;529;218;8126;1654;20417
26;4;89970;1682;16796;19206;8148;792;810;190;6347;1560;17857
27;1;85312;1116;15358;20110;6167;903;426;168;5762;1467;15700
27;2;76980;1086;13900;17531;6256;854;412;176;5461;1278;15528
27;3;81704;1056;15061;18886;6727;925;413;157;5897;1441;15928
27;4;86667;1178;15198;17235;8088;1026;443;206;5629;1463;18718
27;5;87167;1108;16587;19148;7334;876;495;183;5395;1425;16590
28;1;87319;1419;11940;20990;6612;799;371;200;7255;1499;18368
28;2;71974;917;12203;15753;5252;650;367;129;4593;1221;14960
28;3;71254;773;12161;16163;4950;724;389;137;5037;1246;14900
28;4;67237;679;12763;16685;4416;726;460;156;4957;1341;12654
29;1;85838;2328;7710;17743;7900;1107;429;196;8669;1299;24625
29;2;77990;1834;6779;13801;7328;786;293;160;6322;871;22845
29;3;86160;1906;9146;18564;7340;931;386;187;8660;1339;23295
29;4;82138;1897;7212;16888;8432;909;383;182;7296;1117;24544
29;5;91166;1937;8798;20660;7470;1028;449;193;9743;1375;25298
29;6;89318;2268;9703;17722;9173;1316;510;238;8267;1417;24262
29;7;79751;2159;7981;15787;8181;1063;403;186;7355;1304;21320
29;8;84410;2207;9772;15829;8681;1133;494;189;6809;1222;22531
30;1;83350;1179;16819;17226;7679;532;247;127;4457;905;16763
30;2;82315;1222;19707;18187;7584;601;334;157;4349;1034;15092
30;3;88772;1378;18914;19867;8127;728;352;180;5584;1175;16820
30;4;87667;1363;18624;16170;10951;815;417;174;5083;1122;17400
30;5;93398;2291;17455;15801;13630;928;390;186;4996;1026;19954
30;6;77636;1422;15127;16676;7760;611;206;124;4424;825;14749
31;1;76334;2458;7042;13584;9053;670;223;147;5842;816;20787
31;2;94385;2446;10601;18033;10546;792;299;168;7044;1187;25211
31;3;73042;2201;6402;18276;7089;527;177;146;6460;822;17821
31;4;66065;2232;5030;11153;8300;510;164;123;4397;564;17771
31;5;90084;1557;15092;17773;9574;889;340;197;6800;1278;22727
31;6;103044;2420;13690;18578;10656;905;389;232;8870;1450;29431
31;7;92441;1871;15341;16951;10031;943;349;205;6708;1330;23847
31;8;84959;1486;13682;14213;8980;884;347;148;5638;1112;22799
31;9;76370;1981;8516;12179;8896;641;268;139;4965;810;21895
31;10;88311;2417;10765;17667;9673;911;283;198;7924;1232;25406
32;1;73648;1415;9080;14005;7827;770;341;157;6267;1062;20741
32;2;70150;1300;10110;15128;6731;716;305;141;5736;1129;17705
33;1;85925;1963;6761;22136;6833;914;195;138;7562;931;21039
33;2;62137;2320;3493;13350;6246;606;144;108;5458;507;16338
33;3;74178;2141;6189;11084;9436;973;237;138;5750;750;22190
33;4;86631;1122;11709;12833;8848;1191;322;144;5410;1019;25514
33;5;102428;1570;16646;20145;9223;1778;404;150;7667;1387;25196
33;6;95183;2013;9866;19253;8799;1256;281;196;8636;1291;26939
33;7;72620;1762;6424;13402;7207;941;235;139;6764;917;21863
33;8;97814;1688;12679;26850;7540;1210;302;186;7786;1510;19846
33;9;85580;1558;11838;16345;8952;1300;377;173;6937;1238;22876
33;10;78500;1205;13590;16723;6643;989;342;141;5417;1075;18143
33;11;88093;1060;17055;15613;8046;1368;449;203;5712;1308;20707
33;12;78574;1538;11561;15662;8392;1100;383;179;6178;1149;19392
34;1;79031;1602;13068;16589;7630;566;213;143;4706;897;17440
34;2;58251;1846;5074;9118;7377;405;121;105;2937;481;16339
34;3;77193;2032;11298;17833;7589;583;223;174;5814;947;17785
34;4;103137;2575;18799;20222;12306;1004;356;244;6265;1330;22097
34;5;90867;1674;17799;16008;11373;1060;414;161;4824;1087;19886
34;6;86114;1016;19126;18796;7634;604;270;112;3893;899;16577
34;7;95924;1365;20324;21427;9900;768;322;156;4135;1042;18037
34;8;80607;1598;15011;15827;9123;630;236;126;4536;949;17043
34;9;75492;1515;13844;16794;7104;601;242;145;4241;830;15727
35;1;87048;2806;7021;14366;8614;810;442;169;8222;1141;27550
35;2;86833;2859;6227;18129;7801;761;317;176;9745;1078;26488
35;3;81381;2037;9218;16993;7215;881;440;171;8203;1231;22321
35;4;85031;2095;11840;17390;7662;1000;579;164;8297;1540;21221
35;5;97396;2005;10953;25230;6983;1055;638;216;12342;1840;20697
35;6;85292;1659;10983;20012;6598;985;608;178;8898;1517;19636
35;7;95210;1924;10443;23656;7150;956;487;158;8304;1360;21717
35;8;78852;2982;5042;14909;7878;618;365;145;7480;894;24305
36;1;82209;999;12268;15944;7034;860;490;174;5579;1343;19876
36;2;91563;1016;14896;17620;8611;1125;700;219;6894;1671;21629
37;1;65487;1731;5400;13905;6381;596;275;150;5126;731;16260
37;2;84326;1498;12502;19605;7439;934;436;177;7135;1469;18478
37;3;94500;1548;12820;21470;8688;1013;534;206;7959;1661;21802
37;4;88179;1381;11725;19614;7946;982;546;188;7182;1440;20389
37;5;80412;1330;11139;20086;6203;778;481;180;7018;1437;17281
38;1;80549;3216;6125;19594;7425;450;206;151;7053;914;20448
38;2;75014;1861;10389;12538;9633;601;319;132;4973;961;19647
38;3;59876;1876;6724;9190;7439;455;269;120;3604;652;16763
38;4;87773;2530;12509;17985;9670;769;364;180;6108;1435;20271
38;5;97730;3147;13765;18852;10808;919;374;246;7790;1578;23418
38;6;77054;1114;15479;17056;6001;611;349;172;5288;1322;14325
38;7;87576;1431;17223;18159;8298;851;443;179;6453;1556;17064
38;8;74923;1346;13418;16612;6494;604;320;140;5342;1170;15674
38;9;93219;2146;14517;18938;9150;824;390;212;7685;1508;20310
38;10;87565;1522;16228;17366;7739;762;416;194;6312;1562;17618
39;1;65037;1335;10404;13539;6944;677;391;134;5385;1221;13052
39;2;54939;1172;8910;12507;5372;584;299;143;4582;1153;9978
39;3;68276;1184;12144;13762;7022;767;394;148;4852;1158;14880
40;1;97627;1387;12110;19694;9082;1175;390;181;8048;1434;25271
40;2;104556;1939;11353;22263;11234;1228;364;176;8801;1310;26938
40;3;94557;1140;10918;17930;10192;1202;407;159;8588;1264;27652
41;1;80410;1361;11798;17412;6555;792;394;146;6806;1241;17805
41;2;80275;949;15006;18874;6418;825;433;192;5476;1434;15391
41;3;82376;1108;14386;19658;6464;977;557;180;6974;1538;16151
42;1;67953;1063;10441;12142;6612;527;295;107;4702;899;16745
42;2;57287;1057;7585;10248;5768;417;240;99;3784;698;13801
42;3;80375;1248;14860;16101;6868;661;354;148;6158;1348;17691
42;4;99044;1692;19443;18613;9891;973;493;175;7824;1772;20240
42;5;101180;1429;17676;22330;8990;934;538;211;8052;1840;20872
42;6;103862;1601;18872;23976;7975;952;583;199;9689;2148;19773
43;1;95744;1707;17625;19255;8641;1049;588;184;9132;1683;19871
43;2;80359;1334;11975;16183;7573;882;479;138;7080;1338;18382
44;1;72688;2455;4865;16674;6047;521;195;139;7163;790;19864
44;2;81535;3088;4666;17746;8138;599;245;135;7133;805;23017
44;3;88998;2601;7677;14244;9773;766;370;173;7256;1092;26813
44;4;82720;2305;7097;14146;9286;800;368;148;7190;1162;26005
44;5;105488;2913;10038;22587;9551;995;425;187;11896;1699;28728
44;6;106779;2521;14297;23889;9499;1401;674;218;10141;1906;24570
44;7;101902;2071;11692;27469;8662;1144;494;158;8646;1590;22650
44;8;81009;1781;8871;12374;10047;998;506;134;5818;1160;23745
44;9;107606;2230;14008;26199;9619;1312;655;232;10182;2072;24121
44;10;106529;2445;11038;26343;9518;1099;526;236;12028;1962;26195
45;1;73161;1357;8594;18298;5570;535;259;160;6385;1177;16906
45;2;81883;1347;12074;18799;6512;663;405;150;6255;1253;17928
45;3;71053;864;13484;17200;5230;635;331;164;5097;1278;13724
45;4;74980;925;14854;17572;5789;566;347;142;4673;1437;12676
45;5;72673;934;14011;16396;5385;675;375;131;5220;1279;13898
45;6;69178;1317;10247;16085;5437;536;290;138;5503;1088;15485
46;1;70151;1680;8531;12663;8693;844;314;148;5288;1108;19699
46;2;65027;1366;6845;11784;7707;806;309;151;5360;1104;19670
47;1;86690;1450;14981;18032;8157;910;315;143;6480;1253;19374
47;2;77711;1099;14043;16104;7674;882;355;151;5495;1110;16359
47;3;76525;1226;13056;15632;7135;907;304;167;5419;1159;17160
48;1;59890;1307;8650;13885;6208;647;263;119;5505;843;12579
49;1;80729;1843;7735;19686;6571;787;350;179;7958;1221;19365
49;2;87336;1939;8727;19604;7551;974;548;205;9029;1461;21900
49;3;68407;1070;10604;16835;5464;799;457;149;6001;1425;13750
49;4;73602;1247;10227;19492;5196;939;440;146;7169;1487;14003
49;5;75267;1202;7475;18670;5017;925;486;154;8672;1322;17547
49;6;92436;1920;10347;23299;7033;1089;683;192;11234;1823;19713
49;7;75237;1516;8137;18834;5769;825;462;157;8133;1348;17256
50;1;86456;1244;12124;20750;6195;998;530;164;8130;1619;18937
50;2;94746;1485;12260;25266;6679;1046;559;217;10079;1887;18113
50;3;105836;1659;15621;25442;8561;1162;601;271;9635;1953;22085
50;4;88678;1213;10922;16776;8732;925;516;230;6428;1477;23638
51;1;69203;944;10215;15129;4918;667;341;128;5092;987;14087
51;2;72576;1010;10280;17421;4856;622;331;134;5590;968;14757
51;3;81279;955;14492;18751;5780;788;430;133;5766;1360;14574
51;4;80837;908;14304;17881;5429;767;358;177;6019;1277;15284
51;5;78108;665;17349;19525;4309;690;489;140;5743;1437;12730
52;1;74607;951;13066;16939;5419;816;462;130;5245;1426;14657
52;2;64322;555;14558;13665;4301;639;398;135;3467;1211;11313
53;1;72582;1323;8469;16617;5325;707;426;132;8002;1130;17057
53;2;76637;1322;8947;20581;5034;829;477;131;9096;1382;15662
53;3;72274;1219;9514;18747;4777;856;512;165;8020;1385;14427
54;1;80648;1671;9501;16551;7148;684;332;201;6231;1167;18825
54;2;70856;1369;7413;15536;5534;541;224;179;6251;918;17364
54;3;83005;838;13653;12652;11588;913;436;129;4067;1029;17981
54;4;97171;1130;19768;19251;7541;1103;603;216;6680;1754;19536
54;5;76585;1059;15444;16287;5873;831;449;172;5493;1264;15648
54;6;87241;991;16759;14138;9358;916;538;195;5149;1315;19516
55;1;78882;1065;16818;16509;5448;978;433;227;6101;1319;15173
55;2;61251;729;12220;13354;4503;710;356;117;4274;980;11140
56;1;98822;2451;10035;26855;7109;906;315;219;9854;1462;23435
56;2;98595;2553;13381;24392;8257;1208;501;226;8596;1567;21707
56;3;86774;1719;13287;19732;7145;1037;531;180;8567;1404;19723
56;4;102136;1967;14470;25127;8143;1182;621;217;9613;1686;22843
56;5;80340;2160;8700;15938;7800;837;363;188;5699;995;20482
56;6;89152;2098;11842;17794;8766;1130;487;238;7721;1434;22263
57;1;88138;1289;14966;16435;7577;870;452;171;5944;1114;19411
57;2;76137;1152;11926;17335;5288;660;338;143;6115;1068;14824
57;3;74012;1275;11258;15935;5560;696;359;154;5825;1064;14535
57;4;81115;1088;18471;19512;4433;950;610;204;6748;1359;11673
57;5;74554;917;16730;15906;4099;924;543;179;6048;1280;11157
57;6;72289;674;15766;12353;4530;640;433;116;3841;873;13714
57;7;91531;999;20956;16926;6231;1065;536;183;6296;1346;16343
57;8;90881;932;16121;12761;9548;1078;540;157;4321;1064;20607
57;9;97021;1549;15283;21165;7189;1041;539;215;8022;1490;18059
58;1;78208;1076;11816;13548;7403;751;400;155;4616;1151;20140
58;2;86703;1067;13749;15852;8198;924;534;183;5130;1412;22491
59;1;60434;1521;6287;9156;6694;495;263;118;3641;469;15268
59;2;87210;2026;10804;13673;10237;690;420;141;5235;790;22259
59;3;96461;847;19071;16440;8945;832;626;165;4126;1156;19903
59;4;97081;1967;11758;24210;7588;688;379;169;7977;1107;18688
59;5;96321;1358;16919;19466;8959;881;505;200;6570;1351;20565
59;6;84619;1347;13083;22483;6512;626;374;171;6758;1198;17243
59;7;72067;964;9720;16652;5721;468;306;117;4923;825;14680
59;8;69238;751;10203;8813;6307;540;323;109;2721;542;17664
59;9;89146;1777;8776;25821;6350;496;267;171;6669;876;15755
59;10;80282;966;12965;16304;5973;618;415;116;4509;890;15379
59;11;90333;1626;13186;16759;8111;736;426;185;5499;968;20562
59;12;93655;908;18585;16755;10700;866;573;139;4690;1320;19247
59;13;90479;988;17064;12703;8823;1003;664;187;3879;995;21993
59;14;98692;1151;19463;20868;7239;1090;604;205;5888;1331;21587
59;15;95256;1220;17489;20633;7224;974;587;158;6552;1393;20252
59;16;83552;761;16192;10403;12976;743;511;130;3381;898;18276
59;17;74984;699;14100;12245;8383;594;344;128;3892;838;16549
59;18;91923;832;17846;17795;7575;812;613;157;4718;1416;19216
59;19;78813;607;16325;10398;10792;635;466;141;2985;887;17395
59;20;80776;774;16634;11859;9537;733;438;143;3383;863;15033
59;21;81037;886;13892;15278;8391;618;441;135;4515;1047;15957
60;1;80708;886;17438;16257;6010;954;656;164;4589;1309;16341
60;2;85945;955;19343;19122;6268;953;621;160;5154;1410;15336
60;3;71230;745;13447;12458;6965;658;385;125;3546;1004;16365
60;4;90018;1334;15574;24451;5970;670;368;167;6553;1394;15219
60;5;71315;967;13849;14222;5633;676;426;155;4533;1119;14850
60;6;74639;892;14386;15996;6291;754;451;160;4709;1185;14023
60;7;74990;819;15302;13420;6920;673;484;150;4076;1084;16440
61;1;71172;1076;10545;17316;5225;863;406;127;6714;1335;14211
61;2;68817;882;12828;18033;4394;779;441;157;5356;1447;11808
61;3;72532;1151;11384;16149;5882;873;447;138;6256;1391;16140
62;1;103048;920;22076;22877;8113;1120;749;163;6551;1600;21638
62;2;84252;1211;13030;17237;7143;813;424;155;6356;1188;20639
62;3;87303;673;18899;9573;10448;877;572;127;2559;844;19797
62;4;87406;844;15146;22217;6091;850;581;156;5158;1291;18371
62;5;89811;1010;15526;15927;7746;881;545;149;4390;1065;22547
62;6;88973;815;18764;18513;6437;946;580;123;5281;1509;21426
62;7;92272;858;17922;14974;8694;939;552;158;4283;1101;20413
62;8;93137;850;17915;15585;8034;944;718;165;4825;1313;23131
62;9;79240;898;14876;15008;6763;750;522;163;4792;1116;17614
62;10;89751;727;18749;11479;9098;960;674;145;3586;1081;21000
62;11;94027;735;22089;11100;10441;815;588;171;3201;942;20210
62;12;94508;774;21761;11142;8966;1053;741;149;3372;1072;23185
63;1;80416;1338;9301;12580;9053;769;407;153;5930;990;24272
63;2;86266;1347;11766;15017;10273;968;518;171;7170;1352;23062
63;3;86752;1936;8687;18827;8380;790;323;180;8297;1254;22371
63;4;95438;1621;11880;15628;11616;1026;511;273;7680;1470;27725
63;5;100375;1307;15921;17072;12369;1042;613;211;7694;1489;24814
64;1;68872;1451;6752;12517;6500;649;172;119;8440;772;17315
64;2;77655;1382;8407;13746;6757;714;182;112;12705;880;19075
64;3;81932;1467;9232;13380;8268;1061;330;170;10641;1117;21969
64;4;80359;2069;7333;13944;8370;1549;440;162;11751;926;19449
64;5;85472;2227;7842;16951;8430;1236;300;147;8481;939;20212
64;6;94656;2749;8278;22429;8424;1603;402;172;9663;1094;19803
65;1;88416;1521;10236;13589;11494;1019;384;152;7093;1106;24800
65;2;89001;1486;11344;15923;10440;948;396;148;8172;1270;23183
66;1;67579;1025;12568;14001;6366;544;217;129;3571;683;14064
66;2;89162;1200;19871;18901;8451;852;341;141;4179;1011;17534
66;3;80154;1697;14183;15689;8792;923;349;156;4203;844;17030
66;4;92348;1642;17385;18279;10130;946;398;165;4655;1114;19965
67;1;63853;2164;4719;13267;5641;416;175;104;4895;444;16280
67;2;71121;2046;7769;14583;5707;471;254;147;5707;648;15632
67;3;68309;1590;8204;15509;4923;463;258;130;5724;654;14125
67;4;89817;1854;13522;27155;4593;540;347;195;9166;1209;13733
67;5;98393;2212;18594;26469;4952;826;628;242;9941;1571;12934
67;6;91107;1823;17186;25203;4766;815;494;223;9055;1497;11910
67;7;84580;1620;18018;23004;4003;834;546;182;8534;1355;9373
67;8;92698;1480;20005;25787;3595;954;615;246;8509;1518;9617
67;9;88209;1399;16247;25991;4122;674;462;186;8409;1245;11098
68;1;74637;1613;13052;18052;3972;683;386;180;6841;1167;11513
68;2;91283;2556;17130;23682;5029;963;537;231;8969;1633;12127
68;3;83595;1781;14694;25293;4199;748;393;212;8076;1482;9470
68;4;99218;1852;21890;22558;6297;1079;603;268;8756;1876;14294
68;5;79642;1682;11055;18903;4914;540;297;185;6535;985;13543
68;6;92799;1496;17167;20861;5665;811;392;246;6999;1365;15633
69;1;68034;1851;6513;14679;6272;470;251;144;5679;798;16261
69;2;74861;3147;4512;17200;8444;470;219;166;5831;697;18300
69;3;70269;2280;5720;15192;6788;417;248;157;5951;761;17727
69;4;79705;2138;5973;23240;5736;389;197;138;7070;847;17341
69;5;80421;1843;8592;26647;5491;476;231;157;7761;1160;14803
69;6;78307;2039;8207;14738;7939;554;331;161;5653;888;20698
69;7;64610;1042;7449;11392;6497;415;295;134;3801;753;16858
69;8;98374;1938;14544;28791;6981;719;379;222;9393;1775;16785
69;9;85755;1500;14709;23100;6247;619;344;182;7475;1496;14265
69;10;89479;2110;11732;26427;6093;622;328;204;9178;1760;16132
69;11;85346;1845;13982;20000;7796;693;403;182;6936;1313;17574
69;12;76108;1739;8525;20725;6247;486;271;177;7105;1043;16269
69;13;79390;1252;12959;19592;5872;516;305;138;5820;1147;16316
69;14;69973;887;9905;10199;8473;566;418;102;3389;765;18450
70;1;88775;1267;16822;20071;6681;885;498;213;5810;1504;18977
70;2;91871;1048;19985;16896;7444;1114;628;194;5337;1478;19684
71;1;72494;1396;9867;16313;6337;605;289;157;5691;1158;15561
71;2;81318;897;12398;17338;6799;806;458;181;6451;1529;18088
71;3;83710;1090;13954;17395;6594;844;399;180;5568;1282;19721
71;4;81210;906;14989;16357;6594;855;454;133;5458;1348;17831
71;5;91255;1146;13846;17096;8224;861;448;151;5515;1271;21997
72;1;72544;1347;9770;16768;5905;728;363;127;6029;1209;15864
72;2;83308;1149;12272;14881;8006;795;476;163;5213;1223;20784
72;3;84790;1145;14756;18160;7304;1030;609;152;6076;1645;18084
72;4;78821;1204;12121;16727;7269;872;477;148;5975;1340;17770
72;5;87395;1308;13597;19638;6659;954;527;159;6509;1595;19220
73;1;82082;2221;13032;20564;6489;677;275;198;7393;1424;15030
73;2;74896;1981;11337;18725;7152;801;331;154;5609;1393;12242
73;3;70313;1734;11998;15343;6737;722;336;177;5323;1312;14231
73;4;71494;2377;9626;14912;7497;690;271;135;5709;991;15966
74;1;93012;2899;12222;25791;6442;751;292;231;9890;1689;16466
74;2;90282;2779;10978;24309;6793;779;298;205;9212;1571;16505
74;3;75148;2311;11609;19277;5904;715;282;197;7225;1622;11919
74;4;80428;2237;9851;20567;5679;652;276;221;7234;1418;13107
74;5;89879;2216;11604;24646;6821;915;359;200;7981;1757;13768
74;6;75925;2004;10319;22356;5478;702;286;188;6005;1288;10717
75;1;76628;2418;3199;25555;4573;271;97;143;6377;543;17703
75;2;71232;2228;2994;24194;4290;285;118;140;6203;550;16454
75;3;64992;2102;3420;14652;5732;373;164;129;5212;520;18671
75;4;67284;1021;3153;33002;2015;161;42;97;4829;463;8741
75;5;70913;3271;2807;13027;7611;393;161;109;4994;444;23640
75;6;73259;3304;3126;11377;9704;499;188;144;4374;526;25109
75;7;72442;3063;2971;14777;7228;355;146;121;5659;535;23467
75;8;80126;2632;4649;17656;7496;483;190;144;6319;797;23364
75;9;66549;2218;3979;11642;7205;479;191;130;4892;648;20980
75;10;66673;2205;3943;12414;6719;415;182;136;4998;626;20603
75;11;69509;2432;3001;17766;5539;349;134;124;6188;586;19955
75;12;71250;1702;3403;25375;3568;288;96;132;6730;617;15277
75;13;72571;1809;4086;21665;4622;327;111;130;6454;707;17878
75;14;69857;1026;3184;35303;1893;155;55;116;4952;570;8618
75;15;73917;2738;4234;10919;9641;541;252;146;4147;578;24549
75;16;66160;2454;3363;11510;8077;433;210;105;3432;461;20974
75;17;54982;2007;2880;7675;6942;420;205;119;2527;361;18279
75;18;64978;2865;3111;10973;7246;417;177;107;4377;427;21373
76;1;64685;1604;5512;14211;6513;504;219;132;4900;732;16443
76;2;91321;1453;12757;23619;7613;792;382;189;7682;1513;18940
76;3;69191;1013;8984;9115;10030;717;362;116;3520;785;20015
76;4;88898;844;13430;12618;10252;994;494;153;4330;1132;25563
76;5;94019;1069;15469;17416;9225;1030;573;199;6069;1469;23405
76;6;110282;1086;20109;23846;10853;1035;757;202;6142;1761;22353
76;7;89140;1308;11287;19305;9274;866;436;158;5755;1089;18522
76;8;70437;731;9715;9032;10071;703;399;108;2974;714;15723
76;9;92335;1038;15883;20104;9157;1154;615;188;5816;1456;19665
76;10;105857;1210;18270;24758;8771;1123;681;226;7258;1794;23819
77;1;67656;1037;9103;14619;5339;463;250;155;4631;1125;14501
77;2;78737;1528;11351;19124;6115;628;306;165;5949;1410;14922
77;3;72363;1183;12258;14770;6457;628;278;148;4664;1254;15168
77;4;85018;1063;17557;19193;6501;777;379;142;5049;1737;14324
77;5;78816;1145;13671;18161;6022;697;292;161;5141;1373;14135
77;6;73813;825;12943;15704;5882;598;269;124;4091;1021;15528
77;7;81797;1108;13063;16603;7719;579;260;147;5108;1199;16418
77;8;82707;1362;9376;17548;6880;566;245;172;6215;1312;19276
77;9;82075;1202;11380;17420;6483;612;242;160;5592;1587;17245
77;10;78227;1304;8632;13466;7678;557;259;156;4847;937;20391
77;11;62464;927;7555;9508;6021;479;215;124;3900;1100;16629
78;1;81999;1711;6133;23826;5240;441;163;148;8143;1031;17187
78;2;83055;2040;7101;23788;5309;468;182;219;8861;1172;16844
78;3;81513;1436;5802;29057;4142;383;175;153;7642;942;14207
78;4;76770;1770;5937;22605;4639;421;142;171;7734;919;15525
78;5;72022;1482;5744;20508;4543;387;147;173;6421;909;14679
78;6;74012;1401;5956;21830;4766;356;176;149;6451;813;13900
78;7;78349;1605;8830;17829;5894;544;269;163;6355;1044;17643
78;8;71073;919;9871;12567;6846;509;285;151;3882;889;17394
78;9;89222;1324;13027;21170;6812;723;327;202;6193;1420;18419
78;10;86660;1923;9441;23395;6483;575;263;201;8124;1432;17955
78;11;65593;1063;5423;12799;6046;447;206;143;5138;901;17528
78;12;66351;1300;6226;16954;4800;466;170;135;5904;962;15204
79;1;88418;1738;8044;16650;8210;1040;443;173;7890;1454;26032
79;2;97194;1593;11926;18776;8482;1367;613;209;7999;1834;27410
79;3;85099;1149;10107;20036;6017;1143;556;185;8506;1664;20469
80;1;84976;823;15349;13675;8365;782;536;100;4310;1169;21101
80;2;74997;1243;9840;15200;6713;584;369;135;5547;1022;17739
80;3;84633;565;17733;17445;8052;881;700;156;4351;1503;18592
80;4;82862;809;17444;16910;6430;956;608;183;5343;1459;18047
80;5;81976;591;17884;15450;6653;1019;704;152;4515;1500;17900
81;1;83047;1368;12489;17017;7664;845;322;164;7007;1127;20962
81;2;102399;1953;15805;17579;11775;1065;452;187;7127;1296;28146
81;3;98438;1743;16512;20503;9361;1052;438;199;7590;1427;23539
82;1;86086;1540;14712;18471;8187;832;309;184;6043;1226;19996
82;2;89226;1327;17516;18195;8126;937;389;183;6032;1338;20301
83;1;73565;1111;12636;19157;5176;474;209;112;4056;879;12389
83;2;86851;1239;17530;21067;6607;665;286;148;4691;1067;15121
83;3;97658;1565;17747;28251;6962;643;245;180;5317;1229;15673
83;4;99243;1493;19750;31955;6098;704;288;165;4602;1232;13478
83;5;90985;1086;18150;29755;4388;518;187;137;4725;1129;12581
83;6;108002;1773;23390;26839;9247;825;298;190;6098;1530;17265
83;7;101188;1345;19011;27181;7768;640;278;155;5240;1257;15774
83;8;99688;1722;20973;25028;8307;770;303;167;5275;1486;15742
84;1;72365;1450;12848;13369;7128;513;207;117;3635;733;16249
84;2;80323;1701;17609;18631;7116;635;245;148;4398;991;14038
84;3;70881;1064;18209;15985;6084;551;247;111;3705;811;11040
84;4;86044;1194;20246;20025;7158;609;255;130;4800;1137;14181
84;5;78439;1653;15673;17888;7393;673;253;144;4532;1007;14370
85;1;102054;1720;12390;26420;7397;1235;567;212;11025;1940;22341
85;2;97819;1638;12364;25031;7475;1151;481;178;9400;1790;22395
85;3;113883;1713;15572;34359;7334;1229;518;230;9329;2097;20714
85;4;94459;1490;10589;27725;6142;1274;582;212;12449;2094;17792
85;5;80604;1091;10944;20450;6123;1004;436;141;7199;1565;17837
86;1;77162;1529;9072;14174;7281;796;395;129;6174;1184;21868
86;2;75551;1815;7453;14983;7243;776;369;151;6450;1235;21139
86;3;74858;1053;10995;15708;6362;936;497;140;5464;1382;18891
86;4;76082;938;12801;15323;6151;813;480;133;5477;1237;16693
87;1;84655;1292;11228;12841;10598;813;454;146;5093;1072;26004
87;2;96684;1482;13176;16766;11517;960;497;206;6530;1384;28196
87;3;83575;1151;11417;13618;9189;868;484;164;5566;1178;24049
88;1;76569;1140;13812;15541;5571;821;404;167;5785;1347;16350
88;2;74246;986;16435;13962;5750;926;448;160;4977;1317;14223
88;3;66692;1067;12028;13987;5468;989;434;158;5750;1431;12492
88;4;67903;833;13064;14474;5373;837;430;176;5004;1355;13430
89;1;78386;1289;13460;17633;6277;745;410;149;5721;1381;15752
89;2;77724;957;14982;16538;6592;838;446;171;5159;1340;15212
89;3;89148;1180;17615;19548;6671;894;468;164;5592;1589;15703
90;1;47161;685;9100;9464;4017;483;239;115;3243;671;9371
90;2;47728;831;8686;8427;4530;505;284;100;3387;672;10113
91;1;70316;1110;7492;9856;7343;528;281;107;3776;957;20124
91;2;87069;1365;14304;19612;7863;749;310;175;6303;1791;16647
91;3;91957;1684;12685;19535;8813;778;327;193;7213;1705;19830
91;4;92043;1677;11207;20958;8091;735;310;190;7917;1672;20473
91;5;66536;1859;4392;15363;6028;409;186;153;6581;862;17570
91;6;76035;1726;7605;14675;7521;515;234;173;6222;1082;19649
91;7;71597;1121;9130;13791;6897;528;228;128;4685;1173;17341
91;8;75214;1222;7697;12608;6607;438;187;87;4300;8282;16927
91;9;75942;1334;9171;15679;6969;508;207;152;5186;1956;17726
91;10;60583;929;7077;10002;7108;403;192;98;3555;912;15219
92;1;59623;867;4932;7453;8748;451;233;123;2548;499;17764
92;2;63482;1542;4107;16507;4777;335;155;132;5539;717;16015
92;3;76507;1603;4948;23337;4593;320;128;174;7018;762;16129
92;4;70765;1385;5369;13319;8066;471;239;152;4939;687;19514
92;5;68723;1460;4438;19534;5353;377;166;115;5143;689;16554
92;6;73307;1188;4387;32179;3253;287;104;129;5451;664;11350
92;7;83746;1623;5619;28599;4415;376;142;180;8266;972;16084
92;8;66906;1703;4058;20536;4257;311;133;135;6466;726;14693
92;9;60995;1166;3072;24372;2699;196;69;88;5267;594;10883
92;10;71664;1751;4290;17467;5639;363;154;166;6720;736;18424
92;11;67311;1692;4857;10903;9194;504;241;149;4626;669;19323
92;12;89771;2023;7008;20930;7899;604;230;186;7902;1168;22770
92;13;85738;2083;5362;21434;7018;436;193;210;8512;968;21730
93;1;55097;957;4061;6178;7135;376;225;107;2411;427;17168
93;2;51694;747;3715;4467;7422;394;211;90;1551;402;16257
93;3;70622;1305;7149;12992;6774;501;202;143;4445;900;19146
93;4;60063;510;6139;6541;8202;368;225;74;1823;495;17463
93;5;62178;592;6837;7758;7301;443;255;104;2338;547;17097
93;6;49896;903;3981;5699;6971;326;287;80;1702;368;15151
93;7;71196;2122;4998;7190;12473;554;240;105;2880;541;20270
93;8;60079;892;7149;12373;5527;372;184;97;3652;731;14115
93;9;66448;1397;5885;9469;8479;431;282;118;2846;611;19494
93;10;66951;888;6962;10711;6945;406;207;112;3124;659;18290
93;11;61966;712;6935;7971;7720;388;233;124;2577;558;17035
93;12;64346;756;8524;12661;5761;377;157;105;3312;739;15051
94;1;82541;1812;7190;21915;7037;438;209;185;6649;1105;18096
94;2;64960;1024;5856;9987;8188;449;203;145;3119;694;19444
94;3;70692;906;8762;12603;7548;470;212;128;3922;1484;17393
94;4;71770;1202;7807;16824;6057;428;196;141;5689;1067;16170
94;5;85891;1685;7200;20379;8133;479;177;157;6278;971;19047
94;6;77865;2178;4929;19464;7066;416;200;164;6687;807;18940
94;7;63673;1111;6018;12086;6451;439;199;129;4422;811;17051
94;8;73706;1666;6596;18431;5799;443;207;147;5751;1022;17288
94;9;53275;944;4931;7804;6961;411;195;92;2594;576;14888
94;10;63291;1409;4976;8040;10265;514;242;103;3216;624;17849
94;11;59907;1455;5134;8019;8445;459;177;107;3565;574;16615
95;1;78589;1449;11486;17382;6819;716;325;170;5458;1263;17076
95;2;73354;1364;9529;15603;6489;593;229;143;5256;1060;17020
95;3;87927;1504;10732;18429;7792;578;276;173;6543;1290;19368
95;4;72471;1270;8029;15863;5954;520;253;157;5617;1122;16690
95;5;67998;853;7382;9167;8293;499;287;117;3136;683;18737
95;6;74545;1208;7489;17303;6149;459;186;142;5159;894;17046
95;7;67663;961;7238;16631;5531;428;194;119;3992;726;15644
95;8;52049;464;4845;7694;4857;320;134;61;1746;420;16362
95;9;67551;713;10197;11662;5950;471;247;105;3330;809;16794
95;10;62663;1121;6175;10129;5845;525;209;138;4446;782;17921
ZA;1;72685;460;1625;7345;1662;249;385;119;1433;284;20980
ZA;2;81396;580;2210;9548;2116;309;332;107;1915;367;21710
ZA;3;76834;573;1971;8007;2420;326;326;111;2032;348;21420
ZA;4;67193;521;1680;9073;1608;267;292;104;1481;238;18625
ZB;1;76407;562;1934;10394;2183;448;412;152;2227;410;20155
ZB;2;81656;622;1901;11672;2142;448;374;148;2444;437;20649
ZB;3;65906;492;1451;7600;1923;361;342;129;1843;342;15964
ZB;4;78934;599;1674;8777;2352;455;314;131;2167;374;19266
ZC;1;46084;541;2500;6191;1780;313;132;98;1528;266;9971
ZC;2;30790;302;1420;3983;1172;166;76;50;801;150;5972
ZD;1;73748;1065;4820;10461;3044;381;259;156;4118;464;22104
ZD;2;83925;1216;4555;8398;4286;503;346;164;3567;576;28653
ZD;3;83635;1111;6745;9598;3461;488;309;145;3599;667;27218
ZD;4;94808;1344;6172;11915;4036;562;372;218;3081;556;34728
ZD;5;75680;626;4949;7048;2647;352;359;115;2129;378;26541
ZD;6;67693;789;4655;7059;2532;342;240;105;2387;362;22611
ZD;7;98920;1586;5653;10898;4497;542;305;163;5972;628;32154
ZM;1;35496;352;594;6454;444;139;98;87;849;182;6558
ZM;2;41917;437;402;11082;500;160;94;88;656;213;6594
ZN;1;76323;1211;4937;21956;1477;360;191;124;2487;444;8162
ZN;2;89144;1125;5472;22346;1450;514;294;155;2092;389;14073
ZP;1;67166;1252;1904;15359;892;198;185;139;2430;634;9978
ZP;2;59397;1030;1560;12575;742;164;176;118;1170;1404;8572
ZP;3;60079;1110;1687;12677;858;170;149;121;1539;446;10580
ZS;1;4923;43;416;488;399;103;23;13;194;64;888
ZW;1;8940;100;152;2414;76;42;48;29;410;43;3093
ZX;1;22685;208;975;3504;473;85;44;28;473;92;2151
ZZ;1;157767;3231;2998;19755;3729;321;94;171;6574;694;14827
ZZ;2;73912;1058;1180;8367;2104;152;74;88;1591;219;6068
ZZ;3;88133;1948;927;9443;2117;204;61;88;3904;365;9084
ZZ;4;95182;2915;3270;16690;4679;370;166;218;6639;679;12144
ZZ;5;80761;1462;2028;10651;2979;253;93;113;2269;324;7069
ZZ;6;79508;2441;3982;20335;4187;488;155;200;7168;880;9700
ZZ;7;89643;3473;1446;10363;2592;248;97;138;4911;431;10645
ZZ;8;109763;1011;1321;12256;1926;203;112;92;1722;315;6047
ZZ;9;98997;1010;1395;12307;4378;209;78;87;2615;269;16441
ZZ;10;89859;1320;3254;17882;2484;206;101;147;3779;441;12897
ZZ;11;80061;2078;2194;15252;2328;189;106;115;4695;431;9274
