circo;Inscrits;Abstentions;%_Abs/Ins;Votants;%_Vot/Ins;Blancs;%_Blancs/Ins;%_Blancs/Vot;Nuls;%_Nuls/Ins;%_Nuls/Vot;Exprim√©s;%_Exp/Ins;%_Exp/Vot;macron;le_pen;fillon;melenchon;hamon;dupont-aignan;lassalle;poutou;asselineau;arthaud;cheminade
1_1;82652;15998;19.36;66654;80.64;1358;1.64;2.04;406;0.49;0.61;64890;78.51;97.35;14403;16500;13460;10221;3712;4106;732;614;622;401;119
1_2;93332;16742;17.94;76590;82.06;1397;1.5;1.82;437;0.47;0.57;74756;80.1;97.61;17395;19319;15714;11711;3625;4507;598;588;788;382;129
1_3;75427;16689;22.13;58738;77.87;964;1.28;1.64;328;0.43;0.56;57446;76.16;97.8;14550;10700;13888;9695;3238;2979;614;592;812;272;106
1_4;89262;16003;17.93;73259;82.07;1469;1.65;2.01;587;0.66;0.8;71203;79.77;97.19;15692;19428;15749;9739;3321;4818;699;637;570;414;136
1_5;75213;16075;21.37;59138;78.63;1154;1.53;1.95;480;0.64;0.81;57504;76.45;97.24;11652;15508;10994;10370;2815;3378;822;667;820;373;105
2_1;72292;14556;20.14;57736;79.86;943;1.3;1.63;444;0.61;0.77;56349;77.95;97.6;10470;20175;8761;9282;2583;2859;466;627;421;608;97
2_2;73948;16219;21.93;57729;78.07;1024;1.38;1.77;425;0.57;0.74;56280;76.11;97.49;10920;18356;9824;10080;2398;2773;399;614;343;481;92
2_3;68126;14338;21.05;53788;78.95;1004;1.47;1.87;503;0.74;0.94;52281;76.74;97.2;7977;20901;8651;7987;2108;2625;443;593;354;543;99
2_4;79155;18629;23.53;60526;76.47;980;1.24;1.62;477;0.6;0.79;59069;74.62;97.59;10746;20974;8990;10755;2508;2891;431;630;503;532;109
2_5;82231;16441;19.99;65790;80.01;1096;1.33;1.67;533;0.65;0.81;64161;78.03;97.52;11567;22364;10743;10846;2633;3503;525;692;550;599;139
3_1;89715;18171;20.25;71544;79.75;1496;1.67;2.09;1074;1.2;1.5;68974;76.88;96.41;16276;15318;12923;14043;3949;3525;904;835;473;594;134
3_2;84644;19560;23.11;65084;76.89;1481;1.75;2.28;707;0.84;1.09;62896;74.31;96.64;14692;13669;10891;14077;3588;3037;998;795;491;544;114
3_3;79149;16544;20.9;62605;79.1;1358;1.72;2.17;657;0.83;1.05;60590;76.55;96.78;14683;14017;12643;10191;3082;3233;1084;692;458;402;105
4_1;61220;11285;18.43;49935;81.57;907;1.48;1.82;383;0.63;0.77;48645;79.46;97.42;9565;12815;8346;10737;2438;2388;899;615;457;279;106
4_2;65358;13038;19.95;52320;80.05;901;1.38;1.72;350;0.54;0.67;51069;78.14;97.61;10395;11648;10096;11711;2545;2473;822;563;475;242;99
5_1;57744;10991;19.03;46753;80.97;791;1.37;1.69;348;0.6;0.74;45614;78.99;97.56;10204;10302;8255;9528;2710;2550;767;533;465;234;66
5_2;52163;9830;18.84;42333;81.16;750;1.44;1.77;270;0.52;0.64;41313;79.2;97.59;8744;8172;8390;9268;2399;2388;842;516;318;177;99
6_1;80459;19445;24.17;61014;75.83;793;0.99;1.3;379;0.47;0.62;59842;74.38;98.08;12581;14144;16070;10658;2701;1952;491;347;636;188;74
6_2;85688;17045;19.89;68643;80.11;1171;1.37;1.71;357;0.42;0.52;67115;78.32;97.77;12398;19996;15531;10998;2549;3238;795;511;693;251;155
6_3;89098;20671;23.2;68427;76.8;948;1.06;1.39;376;0.42;0.55;67103;75.31;98.07;13254;18031;16533;11895;2772;2588;572;412;731;218;97
6_4;85748;18421;21.48;67327;78.52;1016;1.18;1.51;381;0.44;0.57;65930;76.89;97.93;10584;21772;16561;9820;1997;2939;730;475;711;237;104
6_5;87923;18446;20.98;69477;79.02;971;1.1;1.4;416;0.47;0.6;68090;77.44;98;12499;20800;16905;10591;2353;2908;699;381;688;184;82
6_6;78084;15109;19.35;62975;80.65;1121;1.44;1.78;163;0.21;0.26;61691;79.01;97.96;11529;18287;17858;7510;1862;2988;479;324;616;138;100
6_7;92847;17757;19.13;75090;80.87;1168;1.26;1.56;268;0.29;0.36;73654;79.33;98.09;16064;16532;22855;9857;2913;3282;617;445;775;183;131
6_8;82014;18507;22.57;63507;77.43;923;1.13;1.45;257;0.31;0.4;62327;76;98.14;11025;16682;20641;8183;1774;2400;403;338;614;161;106
6_9;79900;16502;20.65;63398;79.35;978;1.22;1.54;240;0.3;0.38;62180;77.82;98.08;12019;16897;18082;8429;2146;2880;476;389;603;169;90
7_1;77905;15079;19.36;62826;80.64;1239;1.59;1.97;513;0.66;0.82;61074;78.4;97.21;12951;15434;9196;13663;3803;2876;1134;795;705;405;112
7_2;93041;16515;17.75;76526;82.25;1504;1.62;1.97;2172;2.33;2.84;72850;78.3;95.2;16807;16746;13815;13388;4259;4507;1136;894;664;507;127
7_3;78312;15024;19.18;63288;80.82;1153;1.47;1.82;503;0.64;0.79;61632;78.7;97.38;12562;13125;10824;15571;3695;2543;1276;913;600;391;132
8_1;73335;15563;21.22;57772;78.78;904;1.23;1.56;390;0.53;0.68;56478;77.01;97.76;10616;18228;10532;9044;2647;3235;520;606;447;495;108
8_2;63879;16049;25.12;47830;74.88;847;1.33;1.77;296;0.46;0.62;46687;73.09;97.61;8439;15078;6586;9969;2599;2191;400;565;344;421;95
8_3;57165;12464;21.8;44701;78.2;802;1.4;1.79;261;0.46;0.58;43638;76.34;97.62;7857;14272;8155;7159;1988;2384;486;522;289;462;64
9_1;56738;10536;18.57;46202;81.43;806;1.42;1.74;518;0.91;1.12;44878;79.1;97.13;9770;9112;5245;12546;3784;1515;1568;618;380;277;63
9_2;60671;10856;17.89;49815;82.11;921;1.52;1.85;466;0.77;0.94;48428;79.82;97.22;9753;11135;6647;12424;3542;1854;1736;562;419;279;77
10_1;64362;11685;18.16;52677;81.84;896;1.39;1.7;346;0.54;0.66;51435;79.92;97.64;8811;17094;12238;6153;1814;3569;386;470;399;396;105
10_2;73837;13864;18.78;59973;81.22;982;1.33;1.64;379;0.51;0.63;58612;79.38;97.73;11739;17321;13802;7867;2391;3687;406;475;436;394;94
10_3;65648;13402;20.41;52246;79.59;867;1.32;1.66;358;0.55;0.69;51021;77.72;97.66;10015;14431;11082;8476;2340;2979;367;442;482;317;90
11_1;95107;17675;18.58;77432;81.42;1365;1.44;1.76;673;0.71;0.87;75394;79.27;97.37;15336;21872;10702;16172;4965;2851;1509;913;516;441;117
11_2;88881;19251;21.66;69630;78.34;1197;1.35;1.72;565;0.64;0.81;67868;76.36;97.47;13088;20242;10779;14396;3793;2617;1149;736;590;370;108
11_3;88707;15627;17.62;73080;82.38;1305;1.47;1.79;676;0.76;0.93;71099;80.15;97.29;14591;18471;10800;15558;4856;2797;1984;858;677;384;123
12_1;76555;12221;15.96;64334;84.04;1205;1.57;1.87;556;0.73;0.86;62573;81.74;97.26;16796;9304;15100;10735;3721;3182;2137;702;432;344;120
12_2;69922;12306;17.6;57616;82.4;1194;1.71;2.07;622;0.89;1.08;55800;79.8;96.85;14835;8827;10010;12306;3658;2574;1930;726;464;381;89
12_3;71799;11851;16.51;59948;83.49;1231;1.71;2.05;627;0.87;1.05;58090;80.91;96.9;13953;10457;11554;11648;3499;2798;2394;894;408;381;104
13_1;78383;17473;22.29;60910;77.71;891;1.14;1.46;343;0.44;0.56;59676;76.13;97.97;11297;17682;12708;11609;2377;2344;486;390;516;186;81
13_2;78743;15686;19.92;63057;80.08;706;0.9;1.12;196;0.25;0.31;62155;78.93;98.57;14701;10973;20146;9930;2990;1860;488;337;499;144;87
13_3;73470;19484;26.52;53986;73.48;734;1;1.36;312;0.42;0.58;52940;72.06;98.06;9655;16415;8450;12898;2208;1725;390;341;607;172;79
13_4;59654;18050;30.26;41604;69.74;548;0.92;1.32;205;0.34;0.49;40851;68.48;98.19;8908;5867;4428;15969;3544;672;270;410;510;194;79
13_5;69043;15851;22.96;53192;77.04;684;0.99;1.29;282;0.41;0.53;52226;75.64;98.18;11530;10235;10556;13093;3637;1561;455;414;465;195;85
13_6;75634;17970;23.76;57664;76.24;790;1.04;1.37;291;0.38;0.5;56583;74.81;98.13;11664;14597;13027;11256;2525;2027;415;361;443;190;78
13_7;65369;22877;35;42492;65;604;0.92;1.42;236;0.36;0.56;41652;63.72;98.02;7068;10864;3201;16092;2136;837;230;344;539;248;93
13_8;99985;19857;19.86;80128;80.14;1349;1.35;1.68;511;0.51;0.64;78268;78.28;97.68;14961;23403;15434;14574;3188;3942;868;640;779;340;139
13_9;96939;19455;20.07;77484;79.93;1266;1.31;1.63;446;0.46;0.58;75772;78.16;97.79;13565;21236;16757;15822;2852;3136;772;568;662;275;127
13_10;106026;18750;17.68;87276;82.32;1432;1.35;1.64;466;0.44;0.53;85378;80.53;97.83;16373;26436;16495;16397;3349;3768;876;592;654;304;134
13_11;90215;18929;20.98;71286;79.02;1051;1.16;1.47;321;0.36;0.45;69914;77.5;98.08;15900;16081;17033;13139;3087;2718;626;467;546;206;111
13_12;92147;19386;21.04;72761;78.96;1402;1.52;1.93;308;0.33;0.42;71051;77.11;97.65;11439;26497;11787;13587;2404;3141;682;527;598;280;109
13_13;93715;19841;21.17;73874;78.83;1280;1.37;1.73;582;0.62;0.79;72012;76.84;97.48;10618;23130;8443;21520;2709;2873;742;699;712;451;115
13_14;97727;18958;19.4;78769;80.6;1166;1.19;1.48;411;0.42;0.52;77192;78.99;98;19111;14655;18920;15129;4194;2874;698;551;696;227;137
13_15;104767;18589;17.74;86178;82.26;1463;1.4;1.7;575;0.55;0.67;84140;80.31;97.64;15092;25597;18809;14304;3205;4140;1136;681;641;375;160
13_16;90577;18990;20.97;71587;79.03;1212;1.34;1.69;487;0.54;0.68;69888;77.16;97.63;11430;22729;11272;15875;3159;2829;906;684;551;327;126
14_1;70096;12076;17.23;58020;82.77;840;1.2;1.45;311;0.44;0.54;56869;81.13;98.02;16648;7161;11483;12282;5342;2178;317;668;362;346;82
14_2;67569;13218;19.56;54351;80.44;821;1.22;1.51;409;0.61;0.75;53121;78.62;97.74;14119;9189;7604;13307;4765;2138;341;758;373;436;91
14_3;78941;15295;19.38;63646;80.62;1060;1.34;1.67;471;0.6;0.74;62115;78.69;97.59;12706;16535;12254;11097;3432;3494;519;897;479;600;102
14_4;101077;18818;18.62;82259;81.38;1095;1.08;1.33;520;0.51;0.63;80644;79.78;98.04;18909;16753;20937;13157;4203;3897;607;925;573;547;136
14_5;89928;15475;17.21;74453;82.79;1148;1.28;1.54;522;0.58;0.7;72783;80.93;97.76;18731;15021;16024;12024;4695;3840;546;848;464;467;123
14_6;93542;15431;16.5;78111;83.5;1328;1.42;1.7;693;0.74;0.89;76090;81.34;97.41;18607;17111;14038;13753;4856;4532;581;1173;579;703;157
15_1;63016;11814;18.75;51202;81.25;1152;1.83;2.25;586;0.93;1.14;49464;78.49;96.61;14285;8538;10664;8301;2874;2131;1318;600;311;350;92
15_2;54409;10953;20.13;43456;79.87;961;1.77;2.21;393;0.72;0.9;42102;77.38;96.88;10192;8103;10925;6265;1936;1916;1522;579;216;342;106
16_1;84955;19885;23.41;65070;76.59;1077;1.27;1.66;568;0.67;0.87;63425;74.66;97.47;17427;11384;10215;14148;4898;2643;828;757;569;425;131
16_2;84019;17387;20.69;66632;79.31;1181;1.41;1.77;668;0.8;1;64783;77.11;97.23;15514;14850;12442;11820;3603;3512;1029;858;473;526;156
16_3;90980;17708;19.46;73272;80.54;1478;1.62;2.02;989;1.09;1.35;70805;77.82;96.63;16948;16364;11087;14787;4068;3853;1228;1109;498;700;163
17_1;103263;22091;21.39;81172;78.61;1189;1.15;1.46;397;0.38;0.49;79586;77.07;98.05;23118;10383;17634;16783;5954;2947;843;788;624;378;134
17_2;104381;20621;19.76;83760;80.24;1571;1.51;1.88;597;0.57;0.71;81592;78.17;97.41;20358;16380;14521;17221;5052;4435;1144;1166;617;561;137
17_3;82245;17117;20.81;65128;79.19;1203;1.46;1.85;852;1.04;1.31;63073;76.69;96.84;14350;14157;11597;12631;3795;3573;882;881;541;534;132
17_4;89933;17880;19.88;72053;80.12;1299;1.44;1.8;615;0.68;0.85;70139;77.99;97.34;14995;18011;14787;11514;3243;4198;1189;964;567;538;133
17_5;111547;21642;19.4;89905;80.6;1586;1.42;1.76;644;0.58;0.72;87675;78.6;97.52;18534;21833;20120;14342;3979;5180;1218;1077;671;565;156
18_1;72589;16066;22.13;56523;77.87;1270;1.75;2.25;366;0.5;0.65;54887;75.61;97.11;12660;11979;12130;9846;3013;2934;594;676;475;467;113
18_2;70174;16518;23.54;53656;76.46;1192;1.7;2.22;431;0.61;0.8;52033;74.15;96.98;11445;12701;8570;11765;2695;2637;510;637;446;540;87
18_3;86220;18326;21.25;67894;78.75;1548;1.8;2.28;580;0.67;0.85;65766;76.28;96.87;13971;17073;12267;12083;3449;3983;821;793;558;623;145
19_1;92693;16268;17.55;76425;82.45;1794;1.94;2.35;1018;1.1;1.33;73613;79.42;96.32;19440;12448;11967;16491;4793;3532;2386;1299;520;553;184
19_2;92584;18031;19.48;74553;80.52;1635;1.77;2.19;918;0.99;1.23;72000;77.77;96.58;19778;12805;13460;13866;4470;3517;1867;1020;574;498;145
2A_1;50859;15715;30.9;35144;69.1;573;1.13;1.63;398;0.78;1.13;34173;67.19;97.24;6601;9724;8114;4716;1339;998;2006;309;226;89;51
2A_2;57922;18043;31.15;39879;68.85;635;1.1;1.59;549;0.95;1.38;38695;66.81;97.03;6421;11134;10600;5369;1207;1220;1942;348;259;129;66
2B_1;58797;18449;31.38;40348;68.62;746;1.27;1.85;387;0.66;0.96;39215;66.7;97.19;7111;11172;9845;5734;1577;1083;1916;336;235;132;74
2B_2;66078;22458;33.99;43620;66.01;920;1.39;2.11;407;0.62;0.93;42293;64;96.96;8395;11011;10894;5495;1657;1161;2847;381;245;145;62
21_1;68424;12339;18.03;56085;81.97;814;1.19;1.45;234;0.34;0.42;55037;80.44;98.13;15517;7687;14018;9992;3871;2286;403;422;499;258;84
21_2;68731;13358;19.44;55373;80.56;1005;1.46;1.81;311;0.45;0.56;54057;78.65;97.62;13249;11841;10810;10165;3428;2754;440;529;450;297;94
21_3;70372;13978;19.86;56394;80.14;1004;1.43;1.78;364;0.52;0.65;55026;78.19;97.57;13312;12789;9150;11346;3650;2934;413;496;505;329;102
21_4;68751;12892;18.75;55859;81.25;1063;1.55;1.9;394;0.57;0.71;54402;79.13;97.39;11011;14390;11400;9278;2731;3199;654;695;457;481;106
21_5;84380;16113;19.1;68267;80.9;1232;1.46;1.8;433;0.51;0.63;66602;78.93;97.56;14347;17493;15247;10078;3130;3807;725;676;546;430;123
22_1;89797;15385;17.13;74412;82.87;1274;1.42;1.71;493;0.55;0.66;72645;80.9;97.63;22472;10397;12132;15489;6771;2768;536;981;476;499;124
22_2;96816;14073;14.54;82743;85.46;1361;1.41;1.64;613;0.63;0.74;80769;83.43;97.61;21777;13994;17420;14729;6179;3603;720;1028;551;629;139
22_3;86758;12449;14.35;74309;85.65;1327;1.53;1.79;680;0.78;0.92;72302;83.34;97.3;20080;13764;13897;12844;5113;3694;656;1041;472;621;120
22_4;78646;12523;15.92;66123;84.08;1149;1.46;1.74;592;0.75;0.9;64382;81.86;97.37;16855;11226;9113;15373;5957;2633;764;1270;400;677;114
22_5;103941;17187;16.54;86754;83.46;1325;1.27;1.53;558;0.54;0.64;84871;81.65;97.83;23785;12322;16354;17578;8240;3260;878;1148;580;602;124
23_1;93113;19917;21.39;73196;78.61;1950;2.09;2.66;995;1.07;1.36;70251;75.45;95.98;15807;13966;12637;14827;5494;3521;1352;1209;580;684;174
24_1;76207;14972;19.65;61235;80.35;1156;1.52;1.89;628;0.82;1.03;59451;78.01;97.09;13597;11980;9410;14868;3997;2593;1204;830;503;364;105
24_2;82465;16159;19.59;66306;80.41;1128;1.37;1.7;625;0.76;0.94;64553;78.28;97.36;14184;15374;11345;13364;3610;3003;1730;880;547;385;131
24_3;67497;11357;16.83;56140;83.17;1334;1.98;2.38;716;1.06;1.28;54090;80.14;96.35;11625;11660;9653;12127;3293;2623;1315;847;401;430;116
24_4;87851;15032;17.11;72819;82.89;1429;1.63;1.96;774;0.88;1.06;70616;80.38;96.97;16539;13030;12102;16773;4883;3205;1801;1021;677;447;138
25_1;75233;15946;21.2;59287;78.8;1046;1.39;1.76;374;0.5;0.63;57867;76.92;97.6;14415;11514;10767;12293;4182;2618;427;629;560;370;92
25_2;78335;15331;19.57;63004;80.43;1180;1.51;1.87;387;0.49;0.61;61437;78.43;97.51;15473;11213;12953;12551;4255;2679;503;696;592;379;143
25_3;65897;14282;21.67;51615;78.33;1186;1.8;2.3;424;0.64;0.82;50005;75.88;96.88;10096;14136;10344;8123;2439;2665;467;684;561;413;77
25_4;66908;15691;23.45;51217;76.55;1045;1.56;2.04;461;0.69;0.9;49711;74.3;97.06;9669;15651;7912;8881;2745;2557;429;624;650;508;85
25_5;82028;14949;18.22;67079;81.78;1350;1.65;2.01;570;0.69;0.85;65159;79.44;97.14;14301;14121;17953;8955;2697;4214;706;932;766;381;133
26_1;75247;16464;21.88;58783;78.12;1034;1.37;1.76;465;0.62;0.79;57284;76.13;97.45;13978;11222;11526;11716;3942;2692;553;605;635;331;84
26_2;93273;19861;21.29;73412;78.71;1365;1.46;1.86;546;0.59;0.74;71501;76.66;97.4;14825;20262;12826;13238;3522;3912;915;724;729;416;132
26_3;106778;18604;17.42;88174;82.58;1629;1.53;1.85;560;0.52;0.64;85985;80.53;97.52;18563;18229;15557;19594;5671;4171;1520;1104;871;541;164
26_4;94191;18281;19.41;75910;80.59;1442;1.53;1.9;497;0.53;0.65;73971;78.53;97.45;15798;19283;13494;13489;4250;4222;880;741;753;908;153
27_1;86358;17483;20.24;68875;79.76;1140;1.32;1.66;509;0.59;0.74;67226;77.85;97.61;13361;19642;13514;11098;3232;3882;536;707;605;536;113
27_2;78432;14204;18.11;64228;81.89;1162;1.48;1.81;454;0.58;0.71;62612;79.83;97.48;12856;18045;12004;10721;3202;3442;454;758;481;524;125
27_3;84440;15101;17.88;69339;82.12;1210;1.43;1.75;530;0.63;0.76;67599;80.06;97.49;12812;20409;13552;11165;3056;4039;553;823;520;550;120
27_4;89885;18013;20.04;71872;79.96;1325;1.47;1.84;518;0.58;0.72;70029;77.91;97.44;14352;19771;11315;13989;3931;4054;488;872;648;498;111
27_5;88418;17414;19.7;71004;80.3;1187;1.34;1.67;506;0.57;0.71;69311;78.39;97.62;13605;20852;13051;11871;3578;3679;571;773;673;525;133
28_1;89168;16917;18.97;72251;81.03;1343;1.51;1.86;416;0.47;0.58;70492;79.06;97.57;17714;14190;15916;11776;4184;4112;587;695;750;442;126
28_2;74281;17170;23.11;57111;76.89;1027;1.38;1.8;404;0.54;0.71;55680;74.96;97.49;11048;14728;11122;10457;3114;3098;408;565;633;400;107
28_3;70797;14275;20.16;56522;79.84;1085;1.53;1.92;413;0.58;0.73;55024;77.72;97.35;11946;14345;11909;8486;2817;3391;465;651;437;465;112
28_4;67220;12112;18.02;55108;81.98;1078;1.6;1.96;447;0.66;0.81;53583;79.71;97.23;10330;15623;12328;7316;2202;3502;482;748;433;510;109
29_1;88759;14258;16.06;74501;83.94;1072;1.21;1.44;497;0.56;0.67;72932;82.17;97.89;23862;8759;13519;13285;7850;2917;681;1026;493;437;103
29_2;78509;17472;22.25;61037;77.75;1251;1.59;2.05;37;0.05;0.06;59749;76.1;97.89;17565;7504;9703;13015;8027;2058;408;681;424;279;85
29_3;89479;15053;16.82;74426;83.18;1398;1.56;1.88;286;0.32;0.38;72742;81.3;97.74;21014;10549;13184;13609;8275;3373;750;901;529;459;99
29_4;82219;13752;16.73;68467;83.27;1056;1.28;1.54;417;0.51;0.61;66994;81.48;97.85;19452;8422;12675;13985;7320;2449;749;970;382;463;127
29_5;94400;14619;15.49;79781;84.51;1238;1.31;1.55;467;0.49;0.59;78076;82.71;97.86;23568;10734;15141;13909;8477;3491;771;991;408;463;123
29_6;89304;15180;17;74124;83;1127;1.26;1.52;499;0.56;0.67;72498;81.18;97.81;20195;10802;12645;14586;7622;3094;1039;1365;509;533;108
29_7;80529;14211;17.65;66318;82.35;1088;1.35;1.64;514;0.64;0.78;64716;80.36;97.58;19237;8979;11489;13167;6353;2600;878;1022;404;486;101
29_8;87372;16091;18.42;71281;81.58;1222;1.4;1.71;581;0.66;0.82;69478;79.52;97.47;19202;11617;11609;14051;6857;2755;916;1294;548;518;111
30_1;86922;20234;23.28;66688;76.72;1085;1.25;1.63;429;0.49;0.64;65174;74.98;97.73;12432;18755;11849;14155;3074;2569;696;535;725;288;96
30_2;89059;16075;18.05;72984;81.95;1186;1.33;1.63;535;0.6;0.73;71263;80.02;97.64;12445;23899;12836;13425;2898;3243;918;582;614;293;110
30_3;93671;17339;18.51;76332;81.49;1233;1.32;1.62;485;0.52;0.64;74614;79.66;97.75;14669;21892;14034;13836;3602;3528;1070;688;782;387;126
30_4;91115;17437;19.14;73678;80.86;1232;1.35;1.67;552;0.61;0.75;71894;78.9;97.58;12969;22123;10895;16404;3305;3110;1146;744;672;410;116
30_5;95968;18460;19.24;77508;80.76;1329;1.38;1.71;557;0.58;0.72;75622;78.8;97.57;14041;20056;10887;20072;4150;2815;1363;947;726;443;122
30_6;81204;17732;21.84;63472;78.16;967;1.19;1.52;390;0.48;0.61;62115;76.49;97.86;12450;16548;11865;13013;3444;2543;753;548;577;271;103
31_1;83659;18868;22.55;64791;77.45;827;0.99;1.28;397;0.47;0.61;63567;75.98;98.11;18400;7106;10411;17061;6148;1944;963;628;564;234;108
31_2;101370;20720;20.44;80650;79.56;1112;1.1;1.38;526;0.52;0.65;79012;77.94;97.97;21746;11212;13578;19703;6711;2960;1225;738;682;327;130
31_3;79396;15010;18.91;64386;81.09;876;1.1;1.36;247;0.31;0.38;63263;79.68;98.26;18467;6378;15871;13189;5333;1913;861;471;471;207;102
31_4;71190;19016;26.71;52174;73.29;699;0.98;1.34;244;0.34;0.47;51231;71.96;98.19;13685;4689;8590;15570;5611;1224;597;514;474;187;90
31_5;98451;15381;15.62;83070;84.38;1509;1.53;1.82;623;0.63;0.75;80938;82.21;97.43;19367;18274;12536;17652;5299;4115;1600;846;686;407;156
31_6;111612;17829;15.97;93783;84.03;1384;1.24;1.48;747;0.67;0.8;91652;82.12;97.73;26580;15952;13630;20529;7298;3932;1562;842;754;411;162
31_7;99799;16975;17.01;82824;82.99;1480;1.48;1.79;637;0.64;0.77;80707;80.87;97.44;18567;18858;11506;18256;6089;3627;1738;850;626;441;149
31_8;85552;16898;19.75;68654;80.25;1248;1.46;1.82;694;0.81;1.01;66712;77.98;97.17;14213;15719;9727;14321;5025;2706;3186;793;526;371;125
31_9;80368;18044;22.45;62324;77.55;925;1.15;1.48;406;0.51;0.65;60993;75.89;97.86;15729;9246;8620;16819;5918;2036;984;674;563;281;123
31_10;95256;12044;12.64;83212;87.36;1350;1.42;1.62;544;0.57;0.65;81318;85.37;97.72;23374;12791;14139;17346;6748;3376;1729;760;609;300;146
32_1;73499;11651;15.85;61848;84.15;1125;1.53;1.82;546;0.74;0.88;60177;81.87;97.3;14525;11204;10108;12388;5103;2606;2631;639;537;344;92
32_2;71460;11376;15.92;60084;84.08;1041;1.46;1.73;537;0.75;0.89;58506;81.87;97.37;13250;12183;11204;10701;4424;2772;2428;615;500;333;96
33_1;95058;20152;21.2;74906;78.8;970;1.02;1.29;343;0.36;0.46;73593;77.42;98.25;23142;7117;18270;14176;5888;2115;985;886;666;233;115
33_2;65979;14591;22.11;51388;77.89;606;0.92;1.18;213;0.32;0.41;50569;76.64;98.41;16118;3035;10619;12344;5664;1030;564;610;404;116;65
33_3;81017;18610;22.97;62407;77.03;921;1.14;1.48;348;0.43;0.56;61138;75.46;97.97;17346;6935;7349;18119;6549;1922;1026;958;568;244;122
33_4;93636;22485;24.01;71151;75.99;1148;1.23;1.61;479;0.51;0.67;69524;74.25;97.71;17129;13794;8480;17716;5774;2958;1172;1252;718;395;136
33_5;110593;20966;18.96;89627;81.04;1502;1.36;1.68;630;0.57;0.7;87495;79.11;97.62;20493;21123;13132;18330;5383;4239;1761;1799;642;467;126
33_6;103656;19376;18.69;84280;81.31;1267;1.22;1.5;502;0.48;0.6;82511;79.6;97.9;25626;11566;13455;17740;6930;3591;1266;1188;686;324;139
33_7;77005;14797;19.22;62208;80.78;1023;1.33;1.64;365;0.47;0.59;60820;78.98;97.77;19183;7160;9460;14216;5664;2436;1044;835;489;227;106
33_8;109207;21002;19.23;88205;80.77;1394;1.28;1.58;537;0.49;0.61;86274;79;97.81;21292;16288;21225;14730;4424;4103;1887;1127;673;351;174
33_9;93615;15841;16.92;77774;83.08;1446;1.54;1.86;595;0.64;0.77;75733;80.9;97.38;18122;15675;11300;17212;5461;3498;2018;1193;631;468;155
33_10;80812;15731;19.47;65081;80.53;1089;1.35;1.67;480;0.59;0.74;63512;78.59;97.59;14164;16011;11309;12023;3858;2858;1423;985;460;294;127
33_11;92975;18817;20.24;74158;79.76;1370;1.47;1.85;606;0.65;0.82;72182;77.64;97.34;14009;22219;9570;14479;4074;3806;1497;1331;555;502;140
33_12;83429;14234;17.06;69195;82.94;1200;1.44;1.73;526;0.63;0.76;67469;80.87;97.51;15663;14396;11114;14803;4631;2974;1817;1069;521;359;122
34_1;84607;17685;20.9;66922;79.1;1067;1.26;1.59;360;0.43;0.54;65495;77.41;97.87;14964;14499;12502;15177;3779;2316;726;496;727;215;94
34_2;60414;16152;26.74;44262;73.26;626;1.04;1.41;224;0.37;0.51;43412;71.86;98.08;10671;4766;6899;14634;4122;885;297;420;502;152;64
34_3;85110;14326;16.83;70784;83.17;1108;1.3;1.57;408;0.48;0.58;69268;81.39;97.86;17397;13168;14410;14758;4585;2655;763;544;692;202;94
34_4;111980;18981;16.95;92999;83.05;1510;1.35;1.62;584;0.52;0.63;90905;81.18;97.75;18812;22871;14931;21625;5208;3718;1429;883;913;402;113
34_5;94276;17405;18.46;76871;81.54;1295;1.37;1.68;601;0.64;0.78;74975;79.53;97.53;13126;22279;10940;17772;4192;2977;1588;915;651;411;124
34_6;91224;19995;21.92;71229;78.08;1093;1.2;1.53;442;0.48;0.62;69694;76.4;97.84;11855;23726;12705;13329;3016;2592;1052;533;504;285;97
34_7;102086;20517;20.1;81569;79.9;1286;1.26;1.58;585;0.57;0.72;79698;78.07;97.71;13548;25587;14921;16225;3542;3092;1004;717;589;362;111
34_8;88586;17842;20.14;70744;79.86;1080;1.22;1.53;484;0.55;0.68;69180;78.09;97.79;14417;17996;10960;16527;4117;2651;841;614;686;261;110
34_9;82111;16467;20.05;65644;79.95;986;1.2;1.5;441;0.54;0.67;64217;78.21;97.83;13831;16227;12071;13949;3619;2273;761;538;655;206;87
35_1;89581;16309;18.21;73272;81.79;1058;1.18;1.44;382;0.43;0.52;71832;80.19;98.03;24084;7177;10924;16437;8344;2637;416;735;505;443;130
35_2;92235;13241;14.36;78994;85.64;1109;1.2;1.4;377;0.41;0.48;77508;84.03;98.12;27141;7035;14902;15418;8171;2592;497;741;460;417;134
35_3;86076;13021;15.13;73055;84.87;1327;1.54;1.82;534;0.62;0.73;71194;82.71;97.45;21186;11419;12119;14322;6177;3356;584;884;465;559;123
35_4;90205;13747;15.24;76458;84.76;1375;1.52;1.8;511;0.57;0.67;74572;82.67;97.53;20115;14125;12147;15082;5969;4099;637;1104;526;621;147
35_5;103147;14658;14.21;88489;85.79;1643;1.59;1.86;740;0.72;0.84;86106;83.48;97.31;25376;13243;18529;14932;5810;4969;671;1085;568;780;143
35_6;86855;13188;15.18;73667;84.82;1422;1.64;1.93;684;0.79;0.93;71561;82.39;97.14;19182;13670;14412;12273;5067;3986;680;989;488;677;137
35_7;98661;18033;18.28;80628;81.72;1200;1.22;1.49;552;0.56;0.68;78876;79.95;97.83;21956;12755;19373;13389;5419;3276;657;861;547;537;106
35_8;83382;14508;17.4;68874;82.6;877;1.05;1.27;305;0.37;0.44;67692;81.18;98.28;22333;5224;11628;16243;8461;1907;389;666;435;305;101
36_1;80311;17991;22.4;62320;77.6;1324;1.65;2.12;605;0.75;0.97;60391;75.2;96.9;13064;14195;11906;11821;3505;3148;751;771;512;586;132
36_2;90098;16920;18.78;73178;81.22;1757;1.95;2.4;878;0.97;1.2;70543;78.3;96.4;14237;17790;13570;13117;4281;4029;977;986;586;804;166
37_1;68655;16813;24.49;51842;75.51;707;1.03;1.36;292;0.43;0.56;50843;74.06;98.07;13829;5627;11206;12101;4681;1761;350;501;409;286;92
37_2;88635;14689;16.57;73946;83.43;1337;1.51;1.81;599;0.68;0.81;72010;81.24;97.38;17026;15414;14549;13385;4455;4392;606;899;607;526;151
37_3;97490;17190;17.63;80300;82.37;1528;1.57;1.9;668;0.69;0.83;78104;80.11;97.27;19218;15345;16166;14809;4950;4558;712;924;596;659;167
37_4;90174;16702;18.52;73472;81.48;1432;1.59;1.95;579;0.64;0.79;71461;79.25;97.26;16953;14388;14491;14051;4870;3850;690;891;489;665;123
37_5;83917;14777;17.61;69140;82.39;1193;1.42;1.73;460;0.55;0.67;67487;80.42;97.61;16139;13748;15784;11585;3942;3891;571;692;519;470;146
38_1;83049;16588;19.97;66461;80.03;877;1.06;1.32;180;0.22;0.27;65404;78.75;98.41;21303;5838;15716;13382;5768;1786;400;419;487;214;91
38_2;77363;17774;22.97;59589;77.03;977;1.26;1.64;296;0.38;0.5;58316;75.38;97.86;15053;11443;8003;15055;4233;2354;526;614;609;329;97
38_3;59637;14752;24.74;44885;75.26;656;1.1;1.46;236;0.4;0.53;43993;73.77;98.01;11727;6892;5620;12529;4096;1618;280;477;448;238;68
38_4;89807;17836;19.86;71971;80.14;1233;1.37;1.71;378;0.42;0.53;70360;78.35;97.76;17762;14296;12325;14974;4840;3461;780;737;664;394;127
38_5;102333;19754;19.3;82579;80.7;1384;1.35;1.68;450;0.44;0.54;80745;78.9;97.78;21522;15746;13003;17403;6022;4029;809;850;812;413;136
38_6;83217;17580;21.13;65637;78.87;1242;1.49;1.89;357;0.43;0.54;64038;76.95;97.56;13358;19982;11094;10333;2888;4037;602;571;711;351;111
38_7;91433;17576;19.22;73857;80.78;1587;1.74;2.15;590;0.65;0.8;71680;78.4;97.05;14929;21150;12004;12571;3471;4553;950;778;683;455;136
38_8;78602;16021;20.38;62581;79.62;1148;1.46;1.83;424;0.54;0.68;61009;77.62;97.49;14064;16113;10961;10749;3325;3589;618;565;610;320;95
38_9;97285;19714;20.26;77571;79.74;1598;1.64;2.06;394;0.4;0.51;75579;77.69;97.43;18883;16265;13106;15143;5120;4135;877;746;699;453;152
38_10;93640;20409;21.8;73231;78.2;1356;1.45;1.85;485;0.52;0.66;71390;76.24;97.49;15490;20185;11095;13810;3889;4211;695;625;835;428;127
39_1;65565;12542;19.13;53023;80.87;1194;1.82;2.25;360;0.55;0.68;51469;78.5;97.07;11509;11901;9505;10765;2709;2875;665;619;436;388;97
39_2;55264;10739;19.43;44525;80.57;923;1.67;2.07;312;0.56;0.7;43290;78.33;97.23;9042;9872;8951;8315;2120;2750;675;674;458;333;100
39_3;69503;13243;19.05;56260;80.95;1051;1.51;1.87;399;0.57;0.71;54810;78.86;97.42;11345;14337;9917;11251;2760;2908;654;687;436;427;88
40_1;101405;19018;18.75;82387;81.25;1599;1.58;1.94;770;0.76;0.93;80018;78.91;97.12;19360;15736;13464;15564;6919;3978;2826;949;640;445;137
40_2;112245;20674;18.42;91571;81.58;1694;1.51;1.85;529;0.47;0.58;89348;79.6;97.57;22934;14521;16712;18739;6843;3676;3714;976;710;400;123
40_3;96547;15719;16.28;80828;83.72;1551;1.61;1.92;777;0.8;0.96;78500;81.31;97.12;18749;14699;12288;15646;7788;3367;3945;950;566;390;112
41_1;82778;17229;20.81;65549;79.19;1151;1.39;1.76;454;0.55;0.69;63944;77.25;97.55;14998;13867;13124;11326;4584;3714;529;708;526;457;111
41_2;80317;15028;18.71;65289;81.29;1284;1.6;1.97;511;0.64;0.78;63494;79.05;97.25;12471;17968;13957;9776;2912;3930;650;718;456;502;154
41_3;82226;14068;17.11;68158;82.89;1257;1.53;1.84;601;0.73;0.88;66300;80.63;97.27;13170;16827;15675;10474;3460;4002;664;772;534;583;139
42_1;65602;16049;24.46;49553;75.54;867;1.32;1.75;294;0.45;0.59;48392;73.77;97.66;11854;9713;8286;10974;3638;2141;466;507;471;266;76
42_2;53156;14009;26.35;39147;73.65;570;1.07;1.46;217;0.41;0.55;38360;72.16;97.99;9637;6468;6963;9265;3141;1469;298;400;422;231;66
42_3;82438;18576;22.53;63862;77.47;1331;1.61;2.08;310;0.38;0.49;62221;75.48;97.43;14499;15352;11030;11572;3552;3859;693;613;609;345;97
42_4;100995;20503;20.3;80492;79.7;1587;1.57;1.97;554;0.55;0.69;78351;77.58;97.34;17033;21153;12866;15329;4195;4586;999;867;664;521;138
42_5;101076;19248;19.04;81828;80.96;1750;1.73;2.14;671;0.66;0.82;79407;78.56;97.04;18247;20020;15471;13394;4083;4824;1177;854;622;579;136
42_6;107542;20453;19.02;87089;80.98;1736;1.61;1.99;717;0.67;0.82;84636;78.7;97.18;19407;21516;17232;12854;4089;5810;1408;866;695;605;154
43_1;97723;17716;18.13;80007;81.87;1844;1.89;2.3;711;0.73;0.89;77452;79.26;96.81;17985;19319;13773;13591;4021;4891;1480;1057;586;589;160
43_2;79435;15159;19.08;64276;80.92;1497;1.88;2.33;654;0.82;1.02;62125;78.21;96.65;14836;12866;12183;11828;3414;3455;1632;871;464;454;122
44_1;74879;13443;17.95;61436;82.05;898;1.2;1.46;132;0.18;0.21;60406;80.67;98.32;19814;4523;14432;12527;5729;1820;337;536;402;190;96
44_2;85800;15226;17.75;70574;82.25;858;1;1.22;292;0.34;0.41;69424;80.91;98.37;21370;4375;14843;17650;7727;1610;353;603;575;236;82
44_3;92183;17577;19.07;74606;80.93;1434;1.56;1.92;305;0.33;0.41;72867;79.05;97.67;21577;8566;10837;19322;7532;2683;422;832;610;372;114
44_4;88921;15269;17.17;73652;82.83;1250;1.41;1.7;420;0.47;0.57;71982;80.95;97.73;22057;8107;10504;18873;7223;2818;441;872;549;424;114
44_5;116188;16606;14.29;99582;85.71;1816;1.56;1.82;538;0.46;0.54;97228;83.68;97.64;31292;11641;18647;20124;7772;4577;709;1076;735;485;170
44_6;109489;17285;15.79;92204;84.21;1986;1.81;2.15;798;0.73;0.87;89420;81.67;96.98;21880;17491;17759;17692;5812;4956;830;1405;681;740;174
44_7;108216;17051;15.76;91165;84.24;1558;1.44;1.71;503;0.46;0.55;89104;82.34;97.74;23445;14268;23130;15952;4880;4174;723;1143;723;512;154
44_8;85491;16890;19.76;68601;80.24;1112;1.3;1.62;416;0.49;0.61;67073;78.46;97.77;18364;10998;8775;17777;5703;2872;526;876;500;578;104
44_9;117855;18168;15.42;99687;84.58;1849;1.57;1.85;731;0.62;0.73;97107;82.4;97.41;23907;17873;20437;19550;5988;5665;927;1214;681;687;178
44_10;114516;15082;13.17;99434;86.83;1878;1.64;1.89;710;0.62;0.71;96846;84.57;97.4;28896;13352;20339;18890;6774;5371;761;1061;673;561;168
45_1;75641;14196;18.77;61445;81.23;988;1.31;1.61;367;0.49;0.6;60090;79.44;97.79;17390;9476;14099;9972;4120;3127;461;516;489;331;109
45_2;85239;17383;20.39;67856;79.61;1195;1.4;1.76;486;0.57;0.72;66175;77.63;97.52;16504;13807;13947;11473;4331;3685;571;722;567;441;127
45_3;70843;12796;18.06;58047;81.94;1132;1.6;1.95;443;0.63;0.76;56472;79.71;97.29;11917;15189;12062;8316;2796;3894;618;623;544;397;116
45_4;74602;15725;21.08;58877;78.92;1056;1.42;1.79;510;0.68;0.87;57311;76.82;97.34;10864;17171;11986;8992;2477;3614;560;569;537;418;123
45_5;74498;14764;19.82;59734;80.18;1081;1.45;1.81;461;0.62;0.77;58192;78.11;97.42;11864;16442;11424;9484;2863;3761;553;701;513;460;127
45_6;71784;13110;18.26;58674;81.74;945;1.32;1.61;397;0.55;0.68;57332;79.87;97.71;14967;11577;12137;9897;3851;3047;440;524;459;333;100
46_1;70850;11967;16.89;58883;83.11;999;1.41;1.7;526;0.74;0.89;57358;80.96;97.41;14751;9871;9515;13519;4165;2410;1446;777;446;329;129
46_2;65472;10380;15.85;55092;84.15;1094;1.67;1.99;569;0.87;1.03;53429;81.61;96.98;14776;7994;8944;12495;3786;2140;1627;751;425;394;97
47_1;88218;17036;19.31;71182;80.69;1310;1.48;1.84;550;0.62;0.77;69322;78.58;97.39;15239;16677;12860;13192;4049;3239;2255;755;608;346;102
47_2;77018;14874;19.31;62144;80.69;1185;1.54;1.91;583;0.76;0.94;60376;78.39;97.15;11934;16017;10969;11330;3314;3058;2037;747;495;357;118
47_3;75695;14895;19.68;60800;80.32;1165;1.54;1.92;511;0.68;0.84;59124;78.11;97.24;12080;14577;10999;11496;3276;3110;1791;790;557;341;107
48_1;59508;9949;16.72;49559;83.28;904;1.52;1.82;508;0.85;1.03;48147;80.91;97.15;10463;9097;10986;9483;2733;2197;1764;683;354;294;93
49_1;83953;15457;18.41;68496;81.59;1209;1.44;1.77;464;0.55;0.68;66823;79.6;97.56;18757;8798;16527;12372;5176;2987;445;707;519;437;98
49_2;90343;15984;17.69;74359;82.31;1579;1.75;2.12;481;0.53;0.65;72299;80.03;97.23;20630;10020;15832;14139;5537;3484;537;864;533;599;124
49_3;70395;12251;17.4;58144;82.6;1226;1.74;2.11;497;0.71;0.85;56421;80.15;97.04;11447;13908;13322;9172;2947;3380;460;767;352;551;115
49_4;74248;12458;16.78;61790;83.22;1269;1.71;2.05;517;0.7;0.84;60004;80.82;97.11;13776;13192;14931;8913;3270;3601;503;799;408;497;114
49_5;77305;13496;17.46;63809;82.54;1249;1.62;1.96;472;0.61;0.74;62088;80.32;97.3;18788;8973;15110;9687;3506;3638;448;778;525;538;97
49_6;95358;14889;15.61;80469;84.39;1946;2.04;2.42;702;0.74;0.87;77821;81.61;96.71;20990;12805;18260;12857;4873;4862;656;1020;611;745;142
49_7;77823;12503;16.07;65320;83.93;1289;1.66;1.97;529;0.68;0.81;63502;81.6;97.22;17297;10239;14906;11153;4244;3369;434;761;491;493;115
50_1;87002;15741;18.09;71261;81.91;1345;1.55;1.89;542;0.62;0.76;69374;79.74;97.35;17368;15127;15182;10952;4158;3991;497;926;431;617;125
50_2;95573;17136;17.93;78437;82.07;1428;1.49;1.82;699;0.73;0.89;76310;79.84;97.29;18477;14456;19636;11428;4180;4934;699;1073;544;737;146
50_3;107881;19126;17.73;88755;82.27;1668;1.55;1.88;1160;1.08;1.31;85927;79.65;96.81;20704;18831;18883;14196;5038;4820;763;1183;591;720;198
50_4;88648;18199;20.53;70449;79.47;1191;1.34;1.69;423;0.48;0.6;68835;77.65;97.71;18134;13206;11208;14450;5862;3307;561;952;482;519;154
51_1;72050;16224;22.52;55826;77.48;799;1.11;1.43;297;0.41;0.53;54730;75.96;98.04;12971;13040;11409;9523;3140;2811;348;498;480;408;102
51_2;73074;16094;22.02;56980;77.98;863;1.18;1.51;309;0.42;0.54;55808;76.37;97.94;13337;12664;13115;8938;3059;2840;422;495;475;375;88
51_3;80714;17677;21.9;63037;78.1;1089;1.35;1.73;305;0.38;0.48;61643;76.37;97.79;11887;18081;13922;9085;2652;3712;536;626;564;462;116
51_4;78833;17131;21.73;61702;78.27;1044;1.32;1.69;419;0.53;0.68;60239;76.41;97.63;12319;17091;12579;9621;2918;3555;516;576;493;462;109
51_5;77025;14139;18.36;62886;81.64;1056;1.37;1.68;481;0.62;0.76;61349;79.65;97.56;10444;21597;14056;7257;1914;3978;528;567;429;469;110
52_1;72475;15001;20.7;57474;79.3;1155;1.59;2.01;471;0.65;0.82;55848;77.06;97.17;11274;15739;11362;8958;2598;3477;682;723;420;498;117
52_2;61673;13768;22.32;47905;77.68;965;1.56;2.01;348;0.56;0.73;46592;75.55;97.26;7164;18288;8228;6422;1694;2940;444;510;393;428;81
53_1;72670;12302;16.93;60368;83.07;1203;1.66;1.99;465;0.64;0.77;58700;80.78;97.24;16164;9436;14977;9488;3620;2921;415;685;399;501;94
53_2;77756;12404;15.95;65352;84.05;1510;1.94;2.31;541;0.7;0.83;63301;81.41;96.86;16522;10075;18354;9062;3496;3489;533;762;430;471;107
53_3;71899;11686;16.25;60213;83.75;1398;1.94;2.32;584;0.81;0.97;58231;80.99;96.71;14252;10954;15441;8248;3131;3697;577;795;353;655;128
54_1;79265;16219;20.46;63046;79.54;948;1.2;1.5;335;0.42;0.53;61763;77.92;97.96;16123;10481;12252;12849;5039;2852;453;660;575;357;122
54_2;68590;14525;21.18;54065;78.82;750;1.09;1.39;264;0.38;0.49;53051;77.35;98.12;15409;7970;11477;10013;4284;2126;370;480;534;275;113
54_3;82832;21781;26.3;61051;73.7;1076;1.3;1.76;381;0.46;0.62;59594;71.95;97.61;12152;15710;7647;15854;3113;2640;465;850;534;521;108
54_4;98018;19650;20.05;78368;79.95;1458;1.49;1.86;488;0.5;0.62;76422;77.97;97.52;14659;24399;12484;13228;4014;4404;794;945;640;735;120
54_5;78690;14762;18.76;63928;81.24;1097;1.39;1.72;416;0.53;0.65;62415;79.32;97.63;12221;19544;10276;10342;3576;3841;596;746;601;528;144
54_6;87696;19558;22.3;68138;77.7;1140;1.3;1.67;477;0.54;0.7;66521;75.85;97.63;13139;20090;8518;15114;3606;3468;558;802;574;526;126
55_1;77360;14966;19.35;62394;80.65;1121;1.45;1.8;459;0.59;0.74;60814;78.61;97.47;11690;19725;10675;9094;2865;4000;766;841;541;491;126
55_2;60269;12883;21.38;47386;78.62;823;1.37;1.74;332;0.55;0.7;46231;76.71;97.56;9023;14877;8612;6926;2053;2802;528;589;315;395;111
56_1;105402;16729;15.87;88673;84.13;1396;1.32;1.57;406;0.39;0.46;86871;82.42;97.97;27188;11225;22572;13148;6394;3637;714;839;570;416;168
56_2;104343;16802;16.1;87541;83.9;1422;1.36;1.62;683;0.65;0.78;85436;81.88;97.6;22842;14430;19093;15123;6522;4036;955;1133;631;524;147
56_3;90733;13333;14.69;77400;85.31;1390;1.53;1.8;737;0.81;0.95;75273;82.96;97.25;20363;16000;14349;12474;4718;4027;874;1183;511;625;149
56_4;105130;16314;15.52;88816;84.48;1787;1.7;2.01;639;0.61;0.72;86390;82.17;97.27;21685;18351;17886;14859;5436;4652;820;1219;592;718;172
56_5;80730;17349;21.49;63381;78.51;1167;1.45;1.84;363;0.45;0.57;61851;76.61;97.59;18581;9180;11611;12229;5694;2369;512;721;436;411;107
56_6;90674;15586;17.19;75088;82.81;1356;1.5;1.81;718;0.79;0.96;73014;80.52;97.24;19980;13741;12389;14187;5604;3690;945;1214;509;597;158
57_1;91406;21638;23.67;69768;76.33;1330;1.46;1.91;345;0.38;0.49;68093;74.5;97.6;15685;17667;11070;13990;4043;3058;494;736;692;547;111
57_2;76507;17392;22.73;59115;77.27;1065;1.39;1.8;301;0.39;0.51;57749;75.48;97.69;13997;13318;11833;9867;3456;3157;479;550;608;359;125
57_3;75312;17759;23.58;57553;76.42;935;1.24;1.62;270;0.36;0.47;56348;74.82;97.91;14170;12835;10746;9987;3673;2873;467;621;532;334;110
57_4;81516;15861;19.46;65655;80.54;1294;1.59;1.97;387;0.47;0.59;63974;78.48;97.44;11131;21566;12508;8124;2582;4994;845;783;623;672;146
57_5;74010;16672;22.53;57338;77.47;1220;1.65;2.13;445;0.6;0.78;55673;75.22;97.1;10347;18203;10176;7551;2296;3949;1028;810;588;593;132
57_6;70169;19653;28.01;50516;71.99;967;1.38;1.91;336;0.48;0.67;49213;70.13;97.42;8312;16574;7085;9799;2302;2840;488;660;574;469;110
57_7;90402;20474;22.65;69928;77.35;1422;1.57;2.03;395;0.44;0.56;68111;75.34;97.4;12315;22883;10585;11547;3239;4367;707;918;701;704;145
57_8;92473;26011;28.13;66462;71.87;1405;1.52;2.11;395;0.43;0.59;64662;69.93;97.29;12995;18229;7377;16261;3913;2862;504;978;831;597;115
57_9;99476;22040;22.16;77436;77.84;1613;1.62;2.08;429;0.43;0.55;75394;75.79;97.36;18786;17267;14623;12992;3976;4425;751;919;828;654;173
58_1;76928;18669;24.27;58259;75.73;1335;1.74;2.29;362;0.47;0.62;56562;73.53;97.09;13219;13637;9389;11446;3696;2920;584;683;445;429;114
58_2;82497;16788;20.35;65709;79.65;1215;1.47;1.85;622;0.75;0.95;63872;77.42;97.2;14137;16180;11384;11633;4158;3526;781;864;514;575;120
59_1;61682;16195;26.26;45487;73.74;602;0.98;1.32;305;0.49;0.67;44580;72.27;98.01;10702;6894;6043;13556;4649;1243;208;457;474;285;69
59_2;86550;20246;23.39;66304;76.61;1056;1.22;1.59;419;0.48;0.63;64829;74.9;97.78;15483;11678;8738;18592;5828;2280;351;638;719;411;111
59_3;94050;24800;26.37;69250;73.63;1182;1.26;1.71;529;0.56;0.76;67539;71.81;97.53;10739;24608;9486;13854;3176;3213;488;676;558;640;101
59_4;99215;20639;20.8;78576;79.2;1167;1.18;1.49;493;0.5;0.63;76916;77.52;97.89;20464;13634;18249;13928;4927;3485;449;634;553;438;155
59_5;99888;18895;18.92;80993;81.08;1576;1.58;1.95;490;0.49;0.6;78927;79.02;97.45;17140;21834;13364;15103;4611;4404;457;693;605;559;157
59_6;89060;14299;16.06;74761;83.94;1194;1.34;1.6;428;0.48;0.57;73139;82.12;97.83;17764;16583;17385;11560;3803;4010;483;499;493;451;108
59_7;72350;16307;22.54;56043;77.46;913;1.26;1.63;374;0.52;0.67;54756;75.68;97.7;12590;11021;12013;11805;3168;2503;264;447;546;301;98
59_8;67704;22166;32.74;45538;67.26;818;1.21;1.8;394;0.58;0.87;44326;65.47;97.34;9047;11074;4834;13122;2975;1559;217;452;619;352;75
59_9;91893;22015;23.96;69878;76.04;887;0.97;1.27;335;0.36;0.48;68656;74.71;98.25;17196;9493;20736;12619;4330;2416;377;529;556;305;99
59_10;81911;22732;27.75;59179;72.25;1029;1.26;1.74;402;0.49;0.68;57748;70.5;97.58;11436;15515;10441;12364;3032;2925;374;591;575;408;87
59_11;92042;22171;24.09;69871;75.91;1071;1.16;1.53;473;0.51;0.68;68327;74.23;97.79;15082;15402;11516;15554;5326;3131;419;687;576;510;124
59_12;93593;21069;22.51;72524;77.49;1290;1.38;1.78;579;0.62;0.8;70655;75.49;97.42;11237;25451;10910;13741;2910;3961;533;650;476;672;114
59_13;89193;21897;24.55;67296;75.45;1628;1.83;2.42;512;0.57;0.76;65156;73.05;96.82;10873;21483;7009;16051;3740;3124;435;886;709;729;117
59_14;98767;18309;18.54;80458;81.46;1523;1.54;1.89;658;0.67;0.82;78277;79.25;97.29;14282;25531;13785;13291;3545;4770;715;923;561;721;153
59_15;95832;17345;18.1;78487;81.9;1386;1.45;1.77;669;0.7;0.85;76432;79.76;97.38;14747;22788;14615;13247;3588;4522;639;914;513;737;122
59_16;82976;19423;23.41;63553;76.59;1199;1.44;1.89;505;0.61;0.79;61849;74.54;97.32;9238;22920;5747;16138;2997;2634;374;628;412;650;111
59_17;73591;16794;22.82;56797;77.18;1004;1.36;1.77;416;0.57;0.73;55377;75.25;97.5;9685;18212;7925;12300;2838;2562;327;535;457;432;104
59_18;91651;20866;22.77;70785;77.23;1358;1.48;1.92;423;0.46;0.6;69004;75.29;97.48;11721;24584;11665;11401;2843;4309;441;646;562;702;130
59_19;79065;18324;23.18;60741;76.82;1060;1.34;1.75;437;0.55;0.72;59244;74.93;97.54;8731;23318;5726;14078;2935;2481;300;543;460;585;87
59_20;81085;21831;26.92;59254;73.08;1033;1.27;1.74;503;0.62;0.85;57718;71.18;97.41;9102;21696;6525;12987;2538;2816;319;595;443;587;110
59_21;82570;20750;25.13;61820;74.87;1084;1.31;1.75;388;0.47;0.63;60348;73.09;97.62;11464;18311;9998;12824;2772;2897;365;528;583;500;106
60_1;83057;16821;20.25;66236;79.75;1211;1.46;1.83;540;0.65;0.82;64485;77.64;97.36;12260;22370;10227;10558;2952;3462;508;824;542;665;117
60_2;88723;16677;18.8;72046;81.2;1290;1.45;1.79;518;0.58;0.72;70238;79.17;97.49;12628;24600;12279;10866;2936;4181;586;776;565;681;140
60_3;73830;16461;22.3;57369;77.7;1067;1.45;1.86;486;0.66;0.85;55816;75.6;97.29;10476;16511;7373;13010;3028;2945;404;617;890;456;106
60_4;92482;17481;18.9;75001;81.1;1168;1.26;1.56;353;0.38;0.47;73480;79.45;97.97;16260;18405;18532;10701;3229;3880;609;570;803;368;123
60_5;72727;15048;20.69;57679;79.31;1034;1.42;1.79;336;0.46;0.58;56309;77.43;97.62;11802;16875;9613;9940;2787;3088;452;609;592;458;93
60_6;75206;14937;19.86;60269;80.14;1080;1.44;1.79;363;0.48;0.6;58826;78.22;97.61;11809;17998;10895;10214;2568;3100;434;621;531;540;116
60_7;76060;15829;20.81;60231;79.19;1190;1.56;1.98;402;0.53;0.67;58639;77.1;97.36;11445;18429;7864;12126;3025;3280;421;665;743;509;132
61_1;69542;12636;18.17;56906;81.83;1101;1.58;1.93;393;0.57;0.69;55412;79.68;97.37;12806;11988;13868;8317;3177;3091;503;727;346;477;112
61_2;67550;12581;18.62;54969;81.38;943;1.4;1.72;340;0.5;0.62;53686;79.48;97.67;10022;14441;14621;7069;2285;3132;488;642;418;453;115
61_3;71642;13123;18.32;58519;81.68;1132;1.58;1.93;428;0.6;0.73;56959;79.51;97.33;12987;13103;12595;9156;3197;3421;489;778;527;583;123
62_1;104255;17367;16.66;86888;83.34;1636;1.57;1.88;711;0.68;0.82;84541;81.09;97.3;15177;29692;15515;12604;3571;4806;688;909;592;842;145
62_2;85270;15957;18.71;69313;81.29;1226;1.44;1.77;578;0.68;0.83;67509;79.17;97.4;16214;16303;12082;12648;4317;3470;533;708;500;612;122
62_3;85594;22847;26.69;62747;73.31;1137;1.33;1.81;594;0.69;0.95;61016;71.29;97.24;8664;24370;4690;15277;3410;2292;316;675;501;716;105
62_4;88511;16659;18.82;71852;81.18;1359;1.54;1.89;633;0.72;0.88;69860;78.93;97.23;16375;19005;15480;9989;2881;3731;505;739;391;665;99
62_5;89795;20519;22.85;69276;77.15;1012;1.13;1.46;606;0.67;0.87;67658;75.35;97.66;14247;19552;10357;14078;3902;3118;479;754;361;681;129
62_6;91172;14922;16.37;76250;83.63;1372;1.5;1.8;702;0.77;0.92;74176;81.36;97.28;13628;24616;13240;11896;3616;4548;616;752;394;725;145
62_7;93184;22613;24.27;70571;75.73;1242;1.33;1.76;671;0.72;0.95;68658;73.68;97.29;11790;24632;9183;13719;3294;3614;473;699;505;632;117
62_8;92986;19418;20.88;73568;79.12;1241;1.33;1.69;732;0.79;0.99;71595;77;97.32;14360;23579;10146;13464;3604;3625;566;775;402;945;129
62_9;79203;15829;19.99;63374;80.01;1139;1.44;1.8;572;0.72;0.9;61663;77.85;97.3;12064;19587;10103;11287;3107;3409;454;584;392;572;104
62_10;90289;22106;24.48;68183;75.52;1249;1.38;1.83;656;0.73;0.96;66278;73.41;97.21;10113;26364;6569;14069;3759;2898;404;797;407;784;114
62_11;94861;23566;24.84;71295;75.16;1286;1.36;1.8;655;0.69;0.92;69354;73.11;97.28;10088;28556;5698;16039;3682;2780;391;760;603;665;92
62_12;95248;22391;23.51;72857;76.49;1452;1.52;1.99;561;0.59;0.77;70844;74.38;97.24;10962;29891;6014;14272;3941;3136;407;850;436;828;107
63_1;83422;19963;23.93;63459;76.07;1249;1.5;1.97;524;0.63;0.83;61686;73.94;97.21;18118;9538;8837;14961;5292;2306;792;729;578;405;130
63_2;87847;16748;19.06;71099;80.94;1517;1.73;2.13;713;0.81;1;68869;78.4;96.86;17512;13625;10949;14781;4843;3330;1515;1036;550;587;141
63_3;89014;17587;19.76;71427;80.24;1324;1.49;1.85;517;0.58;0.72;69586;78.17;97.42;20907;8812;14979;13551;5361;2742;1412;774;471;413;164
63_4;98579;18990;19.26;79589;80.74;1737;1.76;2.18;595;0.6;0.75;77257;78.37;97.07;21289;13259;11559;18008;5617;3526;1532;1089;599;598;181
63_5;102077;20075;19.67;82002;80.33;1946;1.91;2.37;887;0.87;1.08;79169;77.56;96.55;18971;17796;12108;17116;4701;3731;2097;1102;712;696;139
64_1;68721;13893;20.22;54828;79.78;923;1.34;1.68;368;0.54;0.67;53537;77.9;97.65;15837;7528;9026;11042;4517;2115;2208;578;417;198;71
64_2;80056;14203;17.74;65853;82.26;1031;1.29;1.57;446;0.56;0.68;64376;80.41;97.76;18992;9984;10869;12131;4752;2657;3549;667;449;244;82
64_3;82776;15365;18.56;67411;81.44;1162;1.4;1.72;531;0.64;0.79;65718;79.39;97.49;16752;10962;9123;13684;5441;2653;5391;843;460;334;75
64_4;80215;14772;18.42;65443;81.58;1142;1.42;1.75;412;0.51;0.63;63889;79.65;97.63;14272;7535;9959;12527;4654;2161;10290;1647;363;389;92
64_5;90986;18439;20.27;72547;79.73;1160;1.27;1.6;434;0.48;0.6;70953;77.98;97.8;18681;9515;14081;14900;5701;2575;3514;1016;616;268;86
64_6;99624;20685;20.76;78939;79.24;1267;1.27;1.61;492;0.49;0.62;77180;77.47;97.77;19424;8852;18800;14519;5524;2566;4930;1620;477;366;102
65_1;88376;17821;20.16;70555;79.84;1269;1.44;1.8;592;0.67;0.84;68694;77.73;97.36;17749;12297;9141;16385;5200;2835;3322;815;489;371;90
65_2;89314;16454;18.42;72860;81.58;1259;1.41;1.73;606;0.68;0.83;70995;79.49;97.44;17321;13650;11079;15763;4735;3041;3606;760;534;396;110
66_1;70971;16617;23.41;54354;76.59;833;1.17;1.53;429;0.6;0.79;53092;74.81;97.68;10380;14811;9749;11380;2746;1937;718;531;468;272;100
66_2;96684;19929;20.61;76755;79.39;1240;1.28;1.62;721;0.75;0.94;74794;77.36;97.45;12954;25581;12921;14390;3045;2776;1222;792;582;406;125
66_3;83066;17818;21.45;65248;78.55;1092;1.31;1.67;740;0.89;1.13;63416;76.34;97.19;11743;17473;10633;14425;3773;2255;1252;838;572;343;109
66_4;97193;19620;20.19;77573;79.81;1398;1.44;1.8;690;0.71;0.89;75485;77.67;97.31;14168;22304;12562;16197;3891;2773;1442;892;681;456;119
67_1;60939;12963;21.27;47976;78.73;513;0.84;1.07;224;0.37;0.47;47239;77.52;98.46;13528;4602;10100;11723;4631;1098;286;428;596;186;61
67_2;69497;15669;22.55;53828;77.45;676;0.97;1.26;339;0.49;0.63;52813;75.99;98.11;14019;8284;9687;12061;4710;1990;450;519;679;311;103
67_3;68848;16104;23.39;52744;76.61;734;1.07;1.39;310;0.45;0.59;51700;75.09;98.02;13129;8704;10471;11281;3852;2251;416;479;734;296;87
67_4;94497;17127;18.12;77370;81.88;1130;1.2;1.46;457;0.48;0.59;75783;80.2;97.95;19073;16195;19294;10101;3828;4713;681;600;747;419;132
67_5;104112;20218;19.42;83894;80.58;1615;1.55;1.93;732;0.7;0.87;81547;78.33;97.2;16831;22978;17208;10807;3567;6239;1003;1035;922;786;171
67_6;96017;18251;19.01;77766;80.99;1339;1.39;1.72;594;0.62;0.76;75833;78.98;97.51;15836;20807;17131;9670;3341;5625;985;843;777;629;189
67_7;85409;16098;18.85;69311;81.15;1149;1.35;1.66;692;0.81;1;67470;79;97.34;12568;21499;14343;7557;2470;5595;946;818;778;752;144
67_8;94578;18868;19.95;75710;80.05;1481;1.57;1.96;694;0.73;0.92;73535;77.75;97.13;13435;24218;16151;7156;2479;6345;881;1047;784;885;154
67_9;92642;18739;20.23;73903;79.77;1169;1.26;1.58;549;0.59;0.74;72185;77.92;97.68;14928;20427;17179;8064;3053;5443;772;780;824;559;156
68_1;76090;16489;21.67;59601;78.33;1236;1.62;2.07;393;0.52;0.66;57972;76.19;97.27;12663;15018;12697;8158;2944;3708;675;672;812;477;148
68_2;92204;17339;18.81;74865;81.19;1498;1.62;2;585;0.63;0.78;72782;78.94;97.22;14668;19220;16269;10154;3370;5433;1145;897;852;598;176
68_3;85592;16602;19.4;68990;80.6;1505;1.76;2.18;440;0.51;0.64;67045;78.33;97.18;12058;18098;18225;7690;2426;5540;853;725;766;486;178
68_4;102537;20043;19.55;82494;80.45;1837;1.79;2.23;564;0.55;0.68;80093;78.11;97.09;14107;25916;15033;11434;3334;6282;989;1078;1028;697;195
68_5;77394;18772;24.26;58622;75.74;1509;1.95;2.57;179;0.23;0.31;56934;73.56;97.12;13012;11931;13851;9227;3330;3176;604;539;786;349;129
68_6;92373;21251;23.01;71122;76.99;1612;1.75;2.27;426;0.46;0.6;69084;74.79;97.13;13290;19521;14162;11193;3290;4423;738;816;973;494;184
69_1;69433;14499;20.88;54934;79.12;753;1.08;1.37;217;0.31;0.4;53964;77.72;98.23;16094;6190;10825;12709;4644;1753;386;467;552;236;108
69_2;74964;14448;19.27;60516;80.73;633;0.84;1.05;229;0.31;0.38;59654;79.58;98.58;17625;4116;13888;15388;5887;1212;322;486;455;190;85
69_3;72007;14114;19.6;57893;80.4;710;0.99;1.23;243;0.34;0.42;56940;79.08;98.35;17266;5129;11420;14070;5784;1545;345;480;578;221;102
69_4;80092;15176;18.95;64916;81.05;708;0.88;1.09;259;0.32;0.4;63949;79.84;98.51;20083;5331;18756;11396;5068;1689;370;407;553;191;105
69_5;88108;18085;20.53;70023;79.47;924;1.05;1.32;269;0.31;0.38;68830;78.12;98.3;19506;9103;22234;9833;3808;2624;432;416;580;211;83
69_6;82377;21517;26.12;60860;73.88;910;1.1;1.5;313;0.38;0.51;59637;72.4;97.99;16539;7816;9894;15791;5461;2052;368;551;717;347;101
69_7;67959;20547;30.23;47412;69.77;652;0.96;1.38;293;0.43;0.62;46467;68.38;98.01;11268;8095;7816;12340;3484;1733;296;448;662;248;77
69_8;102508;19616;19.14;82892;80.86;1403;1.37;1.69;484;0.47;0.58;81005;79.02;97.72;19402;16314;22117;11726;3929;4816;770;625;746;423;137
69_9;91672;18231;19.89;73441;80.11;1296;1.41;1.76;442;0.48;0.6;71703;78.22;97.63;16194;17240;17451;10509;3609;4196;714;647;711;323;109
69_10;95232;16752;17.59;78480;82.41;1174;1.23;1.5;407;0.43;0.52;76899;80.75;97.99;20248;13591;20760;10956;4079;4892;696;535;710;304;128
69_11;92433;18355;19.86;74078;80.14;1365;1.48;1.84;390;0.42;0.53;72323;78.24;97.63;17628;16923;14105;13423;3723;3997;699;601;730;375;119
69_12;79772;16020;20.08;63752;79.92;921;1.15;1.44;245;0.31;0.38;62586;78.46;98.17;17637;8688;17057;10703;3950;2679;466;432;567;311;96
69_13;84726;18686;22.05;66040;77.95;1061;1.25;1.61;339;0.4;0.51;64640;76.29;97.88;15715;15408;13551;11198;3297;3351;475;499;781;261;104
69_14;74321;23027;30.98;51294;69.02;950;1.28;1.85;429;0.58;0.84;49915;67.16;97.31;10932;10532;5907;15009;3371;1890;364;552;846;420;92
70_1;88490;16698;18.87;71792;81.13;1420;1.6;1.98;865;0.98;1.2;69507;78.55;96.82;14097;20688;13661;10533;3157;4343;727;967;583;613;138
70_2;90724;18278;20.15;72446;79.85;1400;1.54;1.93;1031;1.14;1.42;70015;77.17;96.64;13235;23065;11523;11617;3439;3833;785;1054;623;712;129
71_1;72884;15179;20.83;57705;79.17;1203;1.65;2.08;371;0.51;0.64;56131;77.01;97.27;13572;11457;11973;9843;3761;3459;570;555;529;313;99
71_2;78438;15421;19.66;63017;80.34;1420;1.81;2.25;644;0.82;1.02;60953;77.71;96.72;13368;14255;12923;10384;3180;4386;750;678;432;490;107
71_3;82777;17618;21.28;65159;78.72;1372;1.66;2.11;582;0.7;0.89;63205;76.36;97;14248;16089;12266;10623;4007;3598;593;756;477;444;104
71_4;82320;17347;21.07;64973;78.93;1461;1.77;2.25;639;0.78;0.98;62873;76.38;96.77;12710;17670;11181;11060;3552;4165;656;770;536;475;98
71_5;89999;21219;23.58;68780;76.42;1418;1.58;2.06;573;0.64;0.83;66789;74.21;97.11;15314;15787;11757;13339;4684;3353;584;829;561;479;102
72_1;71726;12192;17;59534;83;1286;1.79;2.16;289;0.4;0.49;57959;80.81;97.35;12710;10205;17468;9966;3474;2331;364;610;361;363;107
72_2;81903;16457;20.09;65446;79.91;1632;1.99;2.49;274;0.33;0.42;63540;77.58;97.09;13421;13390;15358;12870;3881;2523;373;702;447;461;114
72_3;85273;14953;17.54;70320;82.46;1415;1.66;2.01;631;0.74;0.9;68274;80.07;97.09;12086;16409;19353;11521;3217;3108;541;821;444;660;114
72_4;79619;13853;17.4;65766;82.6;1379;1.73;2.1;467;0.59;0.71;63920;80.28;97.19;12085;12496;20089;11588;3075;2550;401;706;374;447;109
72_5;86919;16122;18.55;70797;81.45;1590;1.83;2.25;456;0.52;0.64;68751;79.1;97.11;14316;14583;19993;10906;3548;3145;462;726;448;521;103
73_1;86996;16564;19.04;70432;80.96;1250;1.44;1.77;439;0.5;0.62;68743;79.02;97.6;16344;15293;15399;11441;3553;4078;892;643;673;319;108
73_2;75951;16441;21.65;59510;78.35;1126;1.48;1.89;433;0.57;0.73;57951;76.3;97.38;11962;12774;13975;10487;2644;3535;840;706;629;289;110
73_3;72640;14192;19.54;58448;80.46;997;1.37;1.71;454;0.63;0.78;56997;78.47;97.52;13132;13915;10723;10387;3168;3270;733;645;579;334;111
73_4;74650;15549;20.83;59101;79.17;880;1.18;1.49;353;0.47;0.6;57868;77.52;97.91;14433;10466;10718;12698;4387;2790;687;584;727;277;101
74_1;100828;18341;18.19;82487;81.81;1498;1.49;1.82;502;0.5;0.61;80487;79.83;97.58;21617;14197;20336;12040;4301;4987;867;747;866;356;173
74_2;95025;18272;19.23;76753;80.77;1315;1.38;1.71;446;0.47;0.58;74992;78.92;97.71;19805;12175;18941;12398;4425;4338;846;683;933;313;135
74_3;82253;16406;19.95;65847;80.05;1305;1.59;1.98;412;0.5;0.63;64130;77.97;97.39;14012;14224;14618;10828;3411;4409;729;733;708;317;141
74_4;86717;22684;26.16;64033;73.84;1106;1.28;1.73;358;0.41;0.56;62569;72.15;97.71;15174;11680;15528;10650;3459;3353;613;690;985;296;141
74_5;96156;21973;22.85;74183;77.15;1419;1.48;1.91;458;0.48;0.62;72306;75.2;97.47;16524;13893;19100;11878;3647;4209;806;767;954;396;132
74_6;79054;18599;23.53;60455;76.47;1122;1.42;1.86;319;0.4;0.53;59014;74.65;97.62;13042;11750;16534;9285;2562;3489;788;643;575;241;105
75_1;80756;11228;13.9;69528;86.1;556;0.69;0.8;155;0.19;0.22;68817;85.22;98.98;26972;2666;23670;8285;5223;832;315;263;419;104;68
75_2;71736;9302;12.97;62434;87.03;492;0.69;0.79;186;0.26;0.3;61756;86.09;98.91;22824;2359;23058;7105;4494;806;331;262;352;97;68
75_3;68669;11435;16.65;57234;83.35;613;0.89;1.07;206;0.3;0.36;56415;82.15;98.57;20793;2986;12988;11402;5808;1059;277;386;473;153;90
75_4;69718;10008;14.35;59710;85.65;401;0.58;0.67;142;0.2;0.24;59167;84.87;99.09;16987;2455;32193;3950;2096;770;229;115;266;55;51
75_5;75853;11785;15.54;64068;84.46;580;0.76;0.91;237;0.31;0.37;63251;83.39;98.72;25205;2432;10718;14474;8306;760;284;402;431;172;67
75_6;76611;12912;16.85;63699;83.15;686;0.9;1.08;261;0.34;0.41;62752;81.91;98.51;21475;2861;8607;18164;9139;890;295;552;474;215;80
75_7;76041;11032;14.51;65009;85.49;610;0.8;0.94;225;0.3;0.35;64174;84.39;98.72;25949;2655;12341;13231;7677;917;324;417;426;163;74
75_8;82156;13513;16.45;68643;83.55;780;0.95;1.14;312;0.38;0.45;67551;82.22;98.41;23569;4211;14350;14422;7627;1597;412;464;560;217;122
75_9;68343;11703;17.12;56640;82.88;718;1.05;1.27;329;0.48;0.58;55593;81.34;98.15;19087;3703;9593;13698;6539;1212;347;510;570;223;111
75_10;67293;11685;17.36;55608;82.64;632;0.94;1.14;272;0.4;0.49;54704;81.29;98.37;18896;3649;10156;12716;6447;1244;330;407;563;202;94
75_11;70966;9758;13.75;61208;86.25;543;0.77;0.89;188;0.26;0.31;60477;85.22;98.81;23464;2502;16145;9765;6338;917;304;350;443;157;92
75_12;73940;10166;13.75;63774;86.25;542;0.73;0.85;225;0.3;0.35;63007;85.21;98.8;22532;2842;24267;6893;4209;1078;331;242;425;115;73
75_13;75350;11830;15.7;63520;84.3;622;0.83;0.98;250;0.33;0.39;62648;83.14;98.63;22370;3666;19512;9044;5162;1424;364;342;532;150;82
75_14;72316;10397;14.38;61919;85.62;339;0.47;0.55;180;0.25;0.29;61400;84.91;99.16;16742;2556;34999;3559;1953;879;194;118;297;53;50
75_15;76216;14714;19.31;61502;80.69;714;0.94;1.16;298;0.39;0.48;60490;79.37;98.35;18721;3733;8163;18514;8257;1203;337;610;612;240;100
75_16;70283;14405;20.5;55878;79.5;631;0.9;1.13;279;0.4;0.5;54968;78.21;98.37;16446;3136;8860;16776;7263;909;284;461;510;249;74
75_17;58153;13384;23.02;44769;76.98;563;0.97;1.26;311;0.53;0.69;43895;75.48;98.05;12374;2682;5964;14996;5725;706;222;456;519;179;72
75_18;67237;10943;16.28;56294;83.72;605;0.9;1.07;195;0.29;0.35;55494;82.53;98.58;20600;2625;9160;13554;7287;794;310;442;465;153;104
76_1;65496;14490;22.12;51006;77.88;772;1.18;1.51;254;0.39;0.5;49980;76.31;97.99;13936;5993;10819;11768;4448;1537;271;499;416;213;80
76_2;94778;16206;17.1;78572;82.9;1356;1.43;1.73;393;0.41;0.5;76823;81.06;97.77;19169;16360;17687;12903;4365;4016;473;715;585;413;137
76_3;69575;15976;22.96;53599;77.04;1022;1.47;1.91;315;0.45;0.59;52262;75.12;97.51;11208;10954;5237;16386;4486;1904;267;786;508;429;97
76_4;88340;19440;22.01;68900;77.99;1463;1.66;2.12;456;0.52;0.66;66981;75.82;97.21;13969;17424;7324;17315;5309;2882;398;988;671;585;116
76_5;96251;18054;18.76;78197;81.24;1502;1.56;1.92;480;0.5;0.61;76215;79.18;97.47;16154;21230;11544;15626;4667;4016;510;1057;565;681;165
76_6;109605;21438;19.56;88167;80.44;1756;1.6;1.99;556;0.51;0.63;85855;78.33;97.38;15772;26900;16305;15797;3551;4455;616;972;510;813;164
76_7;87582;18988;21.68;68594;78.32;1627;1.86;2.37;131;0.15;0.19;66836;76.31;97.44;15760;12917;13315;15895;3906;2996;454;662;455;359;117
76_8;67636;18980;28.06;48656;71.94;1296;1.92;2.66;41;0.06;0.08;47319;69.96;97.25;8427;11245;4988;16514;2740;1799;232;549;409;327;89
76_9;93651;15930;17.01;77721;82.99;1531;1.63;1.97;502;0.54;0.65;75688;80.82;97.38;14077;21642;13162;15634;3807;4445;558;1014;512;703;134
76_10;108744;17792;16.36;90952;83.64;1760;1.62;1.94;625;0.57;0.69;88567;81.45;97.38;17284;26280;17955;14556;4237;4986;604;1079;574;833;179
77_1;70891;17286;24.38;53605;75.62;929;1.31;1.73;345;0.49;0.64;52331;73.82;97.62;12598;10356;10784;10671;2910;3112;397;495;617;295;96
77_2;79697;15765;19.78;63932;80.22;981;1.23;1.53;382;0.48;0.6;62569;78.51;97.87;14689;13232;14645;10680;3518;3582;495;580;665;356;127
77_3;75449;14898;19.75;60551;80.25;1169;1.55;1.93;322;0.43;0.53;59060;78.28;97.54;12042;15273;9983;12390;3483;3767;445;555;704;320;98
77_4;87907;17333;19.72;70574;80.28;1316;1.5;1.86;803;0.91;1.14;68455;77.87;97;11829;22392;12703;11687;2946;4392;605;680;654;435;132
77_5;84928;16778;19.76;68150;80.24;1240;1.46;1.82;461;0.54;0.68;66449;78.24;97.5;14272;17511;12464;12264;3130;4348;562;594;801;367;136
77_6;78045;16202;20.76;61843;79.24;1163;1.49;1.88;460;0.59;0.74;60220;77.16;97.38;12504;16584;9399;12682;3142;3723;461;583;690;353;99
77_7;85317;16976;19.9;68341;80.1;1238;1.45;1.81;423;0.5;0.62;66680;78.16;97.57;14820;16232;11177;14754;3480;3852;454;569;864;360;118
77_8;89117;17689;19.85;71428;80.15;1317;1.48;1.84;425;0.48;0.6;69686;78.2;97.56;19772;11528;12939;14748;4527;3791;518;622;796;313;132
77_9;85704;18307;21.36;67397;78.64;1192;1.39;1.77;346;0.4;0.51;65859;76.84;97.72;16269;13905;11770;13077;3723;4846;466;569;763;349;122
77_10;79711;17948;22.52;61763;77.48;1165;1.46;1.89;452;0.57;0.73;60146;75.46;97.38;16168;9539;9138;15702;4438;2799;438;574;932;311;107
77_11;64792;14120;21.79;50672;78.21;1359;2.1;2.68;177;0.27;0.35;49136;75.84;96.97;12351;8969;5966;13172;3475;3293;341;533;709;247;80
78_1;83366;14045;16.85;69321;83.15;823;0.99;1.19;274;0.33;0.4;68224;81.84;98.42;20452;6109;22242;9913;5332;2355;432;395;699;181;114
78_2;85323;12847;15.06;72476;84.94;897;1.05;1.24;298;0.35;0.41;71281;83.54;98.35;23015;7546;21371;9737;4627;3028;546;407;651;209;144
78_3;83492;14528;17.4;68964;82.6;716;0.86;1.04;277;0.33;0.4;67971;81.41;98.56;20030;6157;26525;7694;3738;2293;416;367;479;174;98
78_4;78395;13039;16.63;65356;83.37;800;1.02;1.22;280;0.36;0.43;64276;81.99;98.35;21680;5985;19504;8900;4159;2439;405;355;575;178;96
78_5;73673;14284;19.39;59389;80.61;703;0.95;1.18;264;0.36;0.44;58422;79.3;98.37;18526;5744;18103;8946;3577;1988;337;374;543;184;100
78_6;75762;15632;20.63;60130;79.37;773;1.02;1.29;280;0.37;0.47;59077;77.98;98.25;18244;6195;18440;8989;3420;2106;398;395;597;188;105
78_7;80529;16113;20.01;64416;79.99;1007;1.25;1.56;333;0.41;0.52;63076;78.33;97.92;17946;9850;13663;11761;4552;3113;528;549;700;306;108
78_8;73760;17929;24.31;55831;75.69;1057;1.43;1.89;418;0.57;0.75;54356;73.69;97.36;11864;11838;7901;14323;3514;2613;406;586;858;337;116
78_9;90878;17307;19.04;73571;80.96;1288;1.42;1.75;485;0.53;0.66;71798;79;97.59;16860;15110;15352;13519;4209;4074;559;632;927;421;135
78_10;88776;13933;15.69;74843;84.31;1039;1.17;1.39;370;0.42;0.49;73434;82.72;98.12;20483;10322;19875;11482;5058;3892;597;516;780;282;147
78_11;68238;15159;22.21;53079;77.79;860;1.26;1.62;348;0.51;0.66;51871;76.01;97.72;13794;6272;9846;11277;6622;2303;363;417;685;197;95
78_12;68956;12669;18.37;56287;81.63;875;1.27;1.55;264;0.38;0.47;55148;79.98;97.98;16169;6896;14013;9804;3756;2702;384;455;654;215;100
79_1;90245;17777;19.7;72468;80.3;1359;1.51;1.88;587;0.65;0.81;70522;78.15;97.31;21366;9862;12055;15069;5983;3261;780;998;520;510;118
79_2;97393;18009;18.49;79384;81.51;1723;1.77;2.17;829;0.85;1.04;76832;78.89;96.79;19434;15235;13068;15714;5464;4050;1058;1337;535;780;157
79_3;84747;15370;18.14;69377;81.86;1621;1.91;2.34;712;0.84;1.03;67044;79.11;96.64;17026;13543;15072;10826;3503;4045;761;1148;423;579;118
80_1;84262;19219;22.81;65043;77.19;1238;1.47;1.9;602;0.71;0.93;63203;75.01;97.17;14488;18207;8525;13702;3281;2662;434;733;468;605;98
80_2;75497;15662;20.75;59835;79.25;941;1.25;1.57;362;0.48;0.6;58532;77.53;97.82;16973;11051;10276;12221;3594;2429;361;586;511;420;110
80_3;83829;14855;17.72;68974;82.28;1429;1.7;2.07;722;0.86;1.05;66823;79.71;96.88;12664;22271;11828;11551;2432;3565;571;737;353;710;141
80_4;83987;14605;17.39;69382;82.61;1290;1.54;1.86;602;0.72;0.87;67490;80.36;97.27;14057;22234;11148;11024;2697;3703;522;786;500;677;142
80_5;81439;16148;19.83;65291;80.17;1226;1.51;1.88;477;0.59;0.73;63588;78.08;97.39;11338;23318;10057;10993;2256;3103;477;819;440;699;88
81_1;83800;14881;17.76;68919;82.24;1238;1.48;1.8;779;0.93;1.13;66902;79.84;97.07;15363;14582;12963;12496;4338;3284;2221;698;469;364;124
81_2;106028;18544;17.49;87484;82.51;1491;1.41;1.7;1027;0.97;1.17;84966;80.14;97.12;18766;18522;12974;19522;6343;4065;2340;1056;670;546;162
81_3;101366;17082;16.85;84284;83.15;1601;1.58;1.9;794;0.78;0.94;81889;80.79;97.16;17626;19298;15115;16076;4849;4091;2544;967;683;487;153
82_1;89963;16057;17.85;73906;82.15;1246;1.39;1.69;607;0.67;0.82;72053;80.09;97.49;15510;17463;13650;13924;4503;3441;1679;720;650;384;129
82_2;93378;16566;17.74;76812;82.26;1313;1.41;1.71;751;0.8;0.98;74748;80.05;97.31;14809;21720;12342;13917;4064;3792;1981;853;687;446;137
83_1;74822;19430;25.97;55392;74.03;849;1.13;1.53;270;0.36;0.49;54273;72.54;97.98;10631;13813;14139;9140;2327;2308;606;411;598;204;96
83_2;90494;20233;22.36;70261;77.64;1305;1.44;1.86;367;0.41;0.52;68589;75.79;97.62;12615;21476;14184;11838;2577;3512;880;529;587;284;107
83_3;100795;20017;19.86;80778;80.14;1304;1.29;1.61;419;0.42;0.52;79055;78.43;97.87;15044;21927;20910;11851;2936;3723;959;558;740;279;128
83_4;106247;22310;21;83937;79;1213;1.14;1.45;487;0.46;0.58;82237;77.4;97.97;12945;25768;23988;10699;2257;3804;907;629;805;293;142
83_5;96198;20183;20.98;76015;79.02;981;1.02;1.29;448;0.47;0.59;74586;77.53;98.12;12697;23067;22240;8866;2039;3522;619;461;728;250;97
83_6;118396;23218;19.61;95178;80.39;1584;1.34;1.66;545;0.46;0.57;93049;78.59;97.76;16156;30956;19203;15415;3325;4800;1170;718;832;333;141
83_7;103518;23260;22.47;80258;77.53;1288;1.24;1.6;400;0.39;0.5;78570;75.9;97.9;14523;22451;20243;12796;2650;3485;813;543;646;289;131
83_8;104307;20456;19.61;83851;80.39;1334;1.28;1.59;438;0.42;0.52;82079;78.69;97.89;13986;26918;17409;13579;2978;4023;979;806;924;342;135
84_1;72960;17804;24.4;55156;75.6;852;1.17;1.54;340;0.47;0.62;53964;73.96;97.84;10945;13135;8880;14033;3117;1880;532;486;605;238;113
84_2;83274;15746;18.91;67528;81.09;1140;1.37;1.69;391;0.47;0.58;65997;79.25;97.73;12596;19885;13315;11902;2847;3163;881;531;517;256;104
84_3;75536;14576;19.3;60960;80.7;1041;1.38;1.71;345;0.46;0.57;59574;78.87;97.73;9656;21066;10919;10738;2161;2934;726;496;495;283;100
84_4;88713;16843;18.99;71870;81.01;1430;1.61;1.99;419;0.47;0.58;70021;78.93;97.43;12057;23642;13643;11935;2436;3538;1015;652;640;336;127
84_5;81840;15633;19.1;66207;80.9;1143;1.4;1.73;392;0.48;0.59;64672;79.02;97.68;12954;18202;12862;12244;2992;2937;835;639;633;275;99
85_1;109546;17100;15.61;92446;84.39;1722;1.57;1.86;1040;0.95;1.12;89684;81.87;97.01;24770;16081;21039;14245;5026;5141;749;1171;585;710;167
85_2;103483;16596;16.04;86887;83.96;1690;1.63;1.95;886;0.86;1.02;84311;81.47;97.04;22695;15676;19600;13689;4758;4726;794;1035;563;635;140
85_3;122127;22038;18.05;100089;81.95;1600;1.31;1.6;883;0.72;0.88;97606;79.92;97.52;23726;19531;27797;13437;4244;5599;881;959;662;642;128
85_4;97831;13090;13.38;84741;86.62;2057;2.1;2.43;832;0.85;0.98;81852;83.67;96.59;22801;12411;22849;11591;3908;4996;701;1178;494;759;164
85_5;81455;14043;17.24;67412;82.76;1287;1.58;1.91;748;0.92;1.11;65377;80.26;96.98;15997;13891;15519;10194;3420;3749;685;876;401;548;97
86_1;79610;15917;19.99;63693;80.01;1227;1.54;1.93;513;0.64;0.81;61953;77.82;97.27;16918;10387;9974;13932;5088;2858;726;948;501;488;133
86_2;77533;14493;18.69;63040;81.31;1141;1.47;1.81;437;0.56;0.69;61462;79.27;97.5;17506;8277;11222;13769;5318;2877;652;845;456;417;123
86_3;74137;14290;19.28;59847;80.72;1316;1.78;2.2;751;1.01;1.25;57780;77.94;96.55;13032;13124;11058;10839;3437;3172;836;1014;483;639;146
86_4;75734;17427;23.01;58307;76.99;1057;1.4;1.81;697;0.92;1.2;56553;74.67;96.99;11690;15236;10449;10521;3018;3013;647;835;456;530;158
87_1;85076;16834;19.79;68242;80.21;1335;1.57;1.96;928;1.09;1.36;65979;77.55;96.68;17895;11673;9629;15406;5484;2755;1034;933;470;559;141
87_2;97847;17523;17.91;80324;82.09;1651;1.69;2.06;1144;1.17;1.42;77529;79.23;96.52;20154;14289;12965;17149;5487;3555;1383;1133;559;700;155
87_3;83399;16266;19.5;67133;80.5;1418;1.7;2.11;808;0.97;1.2;64907;77.83;96.68;17528;11975;9928;13994;5165;2975;1101;978;528;591;144
88_1;77066;16243;21.08;60823;78.92;1191;1.55;1.96;516;0.67;0.85;59116;76.71;97.19;12582;15944;11024;10270;3261;3515;641;748;561;466;104
88_2;73276;15337;20.93;57939;79.07;1196;1.63;2.06;535;0.73;0.92;56208;76.71;97.01;10574;18607;9042;9183;2754;3353;639;804;623;529;100
88_3;65636;12190;18.57;53446;81.43;1283;1.95;2.4;444;0.68;0.83;51719;78.8;96.77;10463;13562;9959;8649;2517;3667;799;877;584;513;129
88_4;66634;12623;18.94;54011;81.06;1050;1.58;1.94;502;0.75;0.93;52459;78.73;97.13;9985;15811;9554;8422;2355;3788;671;800;455;496;122
89_1;76975;15910;20.67;61065;79.33;1149;1.49;1.88;357;0.46;0.58;59559;77.37;97.53;12950;14870;12414;9772;3243;3779;736;640;629;407;119
89_2;75754;16387;21.63;59367;78.37;1081;1.43;1.82;421;0.56;0.71;57865;76.39;97.47;11245;16906;11032;9938;2644;3683;636;725;477;472;107
89_3;89189;20442;22.92;68747;77.08;1174;1.32;1.71;444;0.5;0.65;67129;75.27;97.65;12039;20864;13293;11105;2959;4206;615;763;669;501;115
90_1;47813;10911;22.82;36902;77.18;745;1.56;2.02;299;0.63;0.81;35858;75;97.17;7220;10171;6547;6421;1985;1971;326;424;454;256;83
90_2;47477;10727;22.59;36750;77.41;694;1.46;1.89;340;0.72;0.93;35716;75.23;97.19;7551;9078;6121;7251;2204;1799;343;462;487;336;84
91_1;71168;18506;26;52662;74;1067;1.5;2.03;465;0.65;0.88;51130;71.84;97.09;12905;8159;6429;15182;3710;2531;369;628;787;327;103
91_2;90695;16745;18.46;73950;81.54;1311;1.45;1.77;495;0.55;0.67;72144;79.55;97.56;15783;17574;13781;13730;3623;5047;583;669;805;404;145
91_3;95774;16725;17.46;79049;82.54;1305;1.36;1.65;560;0.58;0.71;77184;80.59;97.64;19088;15201;14313;15793;5058;4980;655;723;848;372;153
91_4;96472;15934;16.52;80538;83.48;1309;1.36;1.63;435;0.45;0.54;78794;81.68;97.83;21973;13375;16052;14394;5108;5157;630;720;894;340;151
91_5;68257;11261;16.5;56996;83.5;736;1.08;1.29;250;0.37;0.44;56010;82.06;98.27;19213;4434;13481;10670;4478;2077;400;387;555;185;130
91_6;81929;16223;19.8;65706;80.2;949;1.16;1.44;366;0.45;0.56;64391;78.59;98;19262;8227;11539;14645;5414;3077;437;534;827;280;149
91_7;74142;16837;22.71;57305;77.29;915;1.23;1.6;394;0.53;0.69;55996;75.53;97.72;14134;9656;9614;13101;4012;3384;441;510;768;278;98
91_8;76390;15168;19.86;61222;80.14;827;1.08;1.35;288;0.38;0.47;60107;78.68;98.18;14360;7790;9007;12394;3695;11222;264;443;653;190;89
91_9;79226;16009;20.21;63217;79.79;992;1.25;1.57;398;0.5;0.63;61827;78.04;97.8;15496;10292;11433;13700;3946;4869;379;551;756;283;122
91_10;61174;14032;22.94;47142;77.06;829;1.36;1.76;409;0.67;0.87;45904;75.04;97.37;11175;7753;6829;12783;3028;2449;310;590;621;265;101
92_1;62383;16029;25.69;46354;74.31;1198;1.92;2.58;223;0.36;0.48;44933;72.03;96.93;10641;5176;5087;17266;3691;1081;267;457;946;245;76
92_2;67876;11661;17.18;56215;82.82;858;1.26;1.53;240;0.35;0.43;55117;81.2;98.05;18749;3795;14990;10355;4388;1316;323;364;560;181;96
92_3;81028;14189;17.51;66839;82.49;1224;1.51;1.83;53;0.07;0.08;65562;80.91;98.09;22775;4771;20907;9227;4345;1919;362;348;651;153;104
92_4;76065;14997;19.72;61068;80.28;1148;1.51;1.88;256;0.34;0.42;59664;78.44;97.7;18044;5699;11743;15799;4616;1702;351;490;868;232;120
92_5;70269;11671;16.61;58598;83.39;695;0.99;1.19;314;0.45;0.54;57589;81.96;98.28;18001;4231;17572;10756;4035;1357;309;381;668;176;103
92_6;74221;10493;14.14;63728;85.86;693;0.93;1.09;215;0.29;0.34;62820;84.64;98.58;17645;4062;29530;6369;2681;1273;300;291;465;125;79
92_7;86563;13901;16.06;72662;83.94;861;0.99;1.18;232;0.27;0.32;71569;82.68;98.5;23749;5189;26562;8452;3913;2002;470;331;591;177;133
92_8;68737;10681;15.54;58056;84.46;772;1.12;1.33;120;0.17;0.21;57164;83.16;98.46;19423;3837;18797;8192;3909;1520;375;322;557;152;80
92_9;68013;13340;19.61;54673;80.39;749;1.1;1.37;0;0;0;53924;79.28;98.63;17616;2633;23748;5346;2601;1027;255;182;383;68;65
92_10;80592;15250;18.92;65342;81.08;1133;1.41;1.73;88;0.11;0.13;64121;79.56;98.13;23290;4256;16504;11119;5612;1675;374;367;656;161;107
92_11;69206;12867;18.59;56339;81.41;816;1.18;1.45;309;0.45;0.55;55214;79.78;98;17261;4784;8775;15421;5582;1504;364;540;623;272;88
92_12;92760;16698;18;76062;82;1047;1.13;1.38;426;0.46;0.56;74589;80.41;98.06;24289;7106;17930;14156;6069;2726;517;551;790;305;150
92_13;89017;14938;16.78;74079;83.22;1495;1.68;2.02;92;0.1;0.12;72492;81.44;97.86;25204;5192;19408;12831;5672;2257;480;409;695;200;144
93_1;61738;18914;30.64;42824;69.36;632;1.02;1.48;382;0.62;0.89;41810;67.72;97.63;10541;4065;4327;16059;4094;918;211;501;728;275;91
93_2;54054;18200;33.67;35854;66.33;659;1.22;1.84;428;0.79;1.19;34767;64.32;96.97;7671;3927;2680;15006;3182;647;171;502;638;262;81
93_3;72227;15171;21;57056;79;985;1.36;1.73;413;0.57;0.72;55658;77.06;97.55;15867;7867;9109;14077;4208;2458;383;563;736;287;103
93_4;60819;18299;30.09;42520;69.91;1109;1.82;2.61;318;0.52;0.75;41093;67.57;96.64;8491;6208;3855;16620;3125;1049;213;478;711;257;86
93_5;63728;19696;30.91;44032;69.09;899;1.41;2.04;456;0.72;1.04;42677;66.97;96.92;9547;7009;4757;15468;2744;1293;243;499;741;289;87
93_6;52564;15260;29.03;37304;70.97;628;1.19;1.68;329;0.63;0.88;36347;69.15;97.43;8753;3806;3706;14219;3725;683;177;360;509;333;76
93_7;75987;19716;25.95;56271;74.05;870;1.14;1.55;329;0.43;0.58;55072;72.48;97.87;13631;4854;4869;22093;6428;1010;299;778;719;296;95
93_8;60044;13455;22.41;46589;77.59;1024;1.71;2.2;232;0.39;0.5;45333;75.5;97.3;11568;7174;8699;11016;3251;1977;326;411;590;209;112
93_9;70118;18146;25.88;51972;74.12;860;1.23;1.65;405;0.58;0.78;50707;72.32;97.57;12443;5705;6608;17417;5179;1352;317;547;705;328;106
93_10;68564;19359;28.23;49205;71.77;926;1.35;1.88;410;0.6;0.83;47869;69.82;97.28;10976;6923;7026;15317;3730;1792;284;517;967;254;83
93_11;62536;17945;28.7;44591;71.3;757;1.21;1.7;536;0.86;1.2;43298;69.24;97.1;9880;7049;4666;15543;2773;1422;253;497;874;252;89
93_12;64515;16791;26.03;47724;73.97;799;1.24;1.67;354;0.55;0.74;46571;72.19;97.58;10735;8947;8761;11288;3067;2000;283;397;821;193;79
94_1;84583;15539;18.37;69044;81.63;1007;1.19;1.46;384;0.45;0.56;67653;79.98;97.99;19932;6764;18678;12682;4587;2944;459;502;761;223;121
94_2;63262;14152;22.37;49110;77.63;969;1.53;1.97;413;0.65;0.84;47728;75.44;97.19;12025;5763;6635;15346;3983;1923;284;508;785;380;96
94_3;72042;15848;22;56194;78;1083;1.5;1.93;350;0.49;0.62;54761;76.01;97.45;12753;9230;9069;13915;3537;4319;348;505;761;235;89
94_4;72443;13582;18.75;58861;81.25;937;1.29;1.59;369;0.51;0.63;57555;79.45;97.78;15991;8544;12935;11487;3476;3270;391;470;680;217;94
94_5;89365;19891;22.26;69474;77.74;1089;1.22;1.57;331;0.37;0.48;68054;76.15;97.96;20338;7305;16760;14428;4546;2666;473;441;731;234;132
94_6;81214;14441;17.78;66773;82.22;811;1;1.21;285;0.35;0.43;65677;80.87;98.36;22014;4653;16763;13133;5558;1868;397;446;531;196;118
94_7;65531;14558;22.22;50973;77.78;847;1.29;1.66;323;0.49;0.63;49803;76;97.7;14778;6045;8944;11994;3955;2383;326;466;585;246;81
94_8;76702;13713;17.88;62989;82.12;933;1.22;1.48;351;0.46;0.56;61705;80.45;97.96;18700;6562;15901;11473;4661;2578;429;405;632;258;106
94_9;53598;13203;24.63;40395;75.37;721;1.35;1.78;330;0.62;0.82;39344;73.41;97.4;9699;5105;5401;12314;3851;1404;253;410;571;259;77
94_10;64408;14254;22.13;50154;77.87;762;1.18;1.52;370;0.57;0.74;49022;76.11;97.74;12648;5055;5670;17655;4566;1449;306;593;725;266;89
94_11;62392;14887;23.86;47505;76.14;766;1.23;1.61;254;0.41;0.53;46485;74.5;97.85;13324;4852;6058;14685;4508;1448;291;480;541;235;63
95_1;81533;15210;18.66;66323;81.34;1260;1.55;1.9;368;0.45;0.55;64695;79.35;97.55;14996;14338;12366;13325;3805;3500;548;646;729;329;113
95_2;76435;15141;19.81;61294;80.19;1098;1.44;1.79;408;0.53;0.67;59788;78.22;97.54;15082;11244;11391;12661;3943;3291;477;464;810;309;116
95_3;91564;18857;20.59;72707;79.41;1286;1.4;1.77;398;0.43;0.55;71023;77.57;97.68;18833;12719;13506;15042;4608;3815;550;608;941;271;130
95_4;76024;16579;21.81;59445;78.19;1009;1.33;1.7;317;0.42;0.53;58119;76.45;97.77;16365;8667;11976;11980;4058;3014;456;487;690;311;115
95_5;68513;17954;26.21;50559;73.79;954;1.39;1.89;343;0.5;0.68;49262;71.9;97.43;11810;7434;5934;16515;3893;1599;314;498;828;354;83
95_6;76338;17723;23.22;58615;76.78;862;1.13;1.47;314;0.41;0.54;57439;75.24;97.99;16214;7657;13267;12300;3891;2175;431;451;742;230;81
95_7;69534;15703;22.58;53831;77.42;866;1.25;1.61;1390;2;2.58;51575;74.17;95.81;12942;7803;12731;11072;3233;2093;345;404;641;221;90
95_8;54205;16766;30.93;37439;69.07;719;1.33;1.92;390;0.72;1.04;36330;67.02;97.04;7955;5390;5598;12079;2790;906;180;411;753;189;79
95_9;69895;18181;26.01;51714;73.99;938;1.34;1.81;517;0.74;1;50259;71.91;97.19;10846;11389;7598;12792;3232;2278;369;540;841;294;80
95_10;66456;15446;23.24;51010;76.76;1067;1.61;2.09;295;0.44;0.58;49648;74.71;97.33;13709;7517;6764;13576;4065;2119;305;531;727;244;91
971_1;76361;47213;61.83;29148;38.17;1365;1.79;4.68;2409;3.15;8.26;25374;33.23;87.05;8289;3331;3087;6069;2507;425;161;588;278;531;108
971_2;86914;51579;59.34;35335;40.66;1450;1.67;4.1;2798;3.22;7.92;31087;35.77;87.98;9110;4677;4785;7625;2622;585;147;590;384;497;65
971_3;83768;48753;58.2;35015;41.8;1547;1.85;4.42;1680;2.01;4.8;31788;37.95;90.78;10075;4062;4429;7833;3059;599;188;613;397;450;83
971_4;69302;42149;60.82;27153;39.18;1268;1.83;4.67;1892;2.73;6.97;23993;34.62;88.36;6456;3089;4004;5554;2977;433;154;509;253;494;70
972_1;79411;46212;58.19;33199;41.81;2316;2.92;6.98;1929;2.43;5.81;28954;36.46;87.21;7105;3372;5092;7805;2679;629;214;903;374;665;116
972_2;81795;47963;58.64;33832;41.36;2313;2.83;6.84;2009;2.46;5.94;29510;36.08;87.23;7987;3460;5342;7403;2601;595;239;823;332;625;103
972_3;65881;39471;59.91;26410;40.09;1783;2.71;6.75;1153;1.75;4.37;23474;35.63;88.88;5924;2215;3563;6454;3108;446;193;710;319;460;82
972_4;83725;53209;63.55;30516;36.45;1740;2.08;5.7;1450;1.73;4.75;27326;32.64;89.55;6877;2902;4403;8241;2273;668;224;781;382;503;72
973_1;53535;32782;61.23;20753;38.77;2655;4.96;12.79;875;1.63;4.22;17223;32.17;82.99;3152;4153;2585;4225;980;303;166;960;324;318;57
973_2;39400;28228;71.64;11172;28.36;1176;2.98;10.53;380;0.96;3.4;9616;24.41;86.07;1879;2368;1350;2408;549;169;107;445;156;144;41
974_1;80368;30813;38.34;49555;61.66;1249;1.55;2.52;1156;1.44;2.33;47150;58.67;95.15;11084;9864;9114;10052;3518;1314;236;509;851;507;101
974_2;92748;41308;44.54;51440;55.46;1767;1.91;3.44;1971;2.13;3.83;47702;51.43;92.73;8709;9475;7884;15034;2642;1293;281;642;848;754;140
974_3;92629;36523;39.43;56106;60.57;2154;2.33;3.84;2462;2.66;4.39;51490;55.59;91.77;8184;14913;7816;12309;3314;1821;319;730;1022;911;151
974_4;104763;37701;35.99;67062;64.01;1992;1.9;2.97;2600;2.48;3.88;62470;59.63;93.15;9154;13691;12218;14050;8476;1734;325;793;1019;847;163
974_5;83034;38532;46.41;44502;53.59;1159;1.4;2.6;1563;1.88;3.51;41780;50.32;93.88;7829;11480;6770;9474;2889;1083;189;507;650;809;100
974_6;75685;32792;43.33;42893;56.67;1122;1.48;2.62;1261;1.67;2.94;40510;53.52;94.44;8131;10847;6418;9492;2473;1151;235;498;570;579;116
974_7;110254;46560;42.23;63694;57.77;2025;1.84;3.18;2291;2.08;3.6;59378;53.86;93.22;13201;11949;10288;15576;3560;1727;354;698;1069;783;173
985_1;37794;21224;56.16;16570;43.84;422;1.12;2.55;1103;2.92;6.66;15045;39.81;90.8;3766;3934;3808;1431;845;439;101;283;215;146;77
985_2;45253;25636;56.65;19617;43.35;503;1.11;2.56;1029;2.27;5.25;18085;39.96;92.19;2598;5074;7000;1358;589;580;81;338;193;188;86
988_1;84944;42885;50.49;42059;49.51;1248;1.47;2.97;384;0.45;0.91;40427;47.59;96.12;5792;10582;13878;4003;2522;1301;350;495;1074;335;95
988_2;104539;55372;52.97;49167;47.03;1721;1.65;3.5;927;0.89;1.89;46519;44.5;94.61;5297;14708;13187;3700;5603;1220;345;789;1024;501;145
987_1;72516;42021;57.95;30495;42.05;757;1.04;2.48;772;1.06;2.53;28966;39.94;94.99;3974;9486;10467;2215;894;681;184;303;424;260;78
987_2;66640;42445;63.69;24195;36.31;570;0.86;2.36;577;0.87;2.38;23048;34.59;95.26;3844;7908;7557;1702;585;486;105;236;334;227;64
987_3;64784;40061;61.84;24723;38.16;602;0.93;2.43;513;0.79;2.07;23608;36.44;95.49;3301;7210;8655;2035;724;600;158;216;448;202;59
975_1;4966;2238;45.07;2728;54.93;70;1.41;2.57;26;0.52;0.95;2632;53;96.48;473;478;261;933;217;79;54;64;36;28;9
986_1;8464;3053;36.07;5411;63.93;35;0.41;0.65;28;0.33;0.52;5348;63.19;98.84;1630;380;1526;192;1349;79;29;41;50;54;18
979_1;25385;17202;67.76;8183;32.24;211;0.83;2.58;107;0.42;1.31;7865;30.98;96.11;1572;1834;2518;1153;247;216;68;92;112;35;18
99_1;199931;119288;59.66;80643;40.34;334;0.17;0.41;398;0.2;0.49;79911;39.97;99.09;36095;4790;16980;13646;5668;1130;279;369;691;141;122
99_2;74767;50353;67.35;24414;32.65;140;0.19;0.57;165;0.22;0.68;24109;32.25;98.75;9155;1680;6335;4673;1442;216;114;152;244;51;47
99_3;120576;61825;51.27;58751;48.73;248;0.21;0.42;269;0.22;0.46;58234;48.3;99.12;29273;1833;12835;7807;4497;790;192;315;470;130;92
99_4;123130;54837;44.54;68293;55.46;335;0.27;0.49;208;0.17;0.3;67750;55.02;99.2;26268;4481;16102;11899;6009;1220;331;527;564;195;154
99_5;91263;56119;61.49;35144;38.51;250;0.27;0.71;135;0.15;0.38;34759;38.09;98.9;12169;3403;9044;6199;2417;671;171;269;255;101;60
99_6;127368;60804;47.74;66564;52.26;429;0.34;0.64;312;0.24;0.47;65823;51.68;98.89;22846;5318;20242;9921;3854;1598;369;559;782;162;172
99_7;105776;51493;48.68;54283;51.32;222;0.21;0.41;244;0.23;0.45;53817;50.88;99.14;28521;2192;9595;6678;4755;830;227;404;401;118;96
99_8;121400;92579;76.26;28821;23.74;123;0.1;0.43;128;0.11;0.44;28570;23.53;99.13;10406;2065;10402;3192;1403;454;126;184;184;103;51
99_9;107607;64249;59.71;43358;40.29;311;0.29;0.72;164;0.15;0.38;42883;39.85;98.9;14599;2028;11088;10894;2708;490;191;234;471;102;78
99_10;99748;50888;51.02;48860;48.98;437;0.44;0.89;237;0.24;0.49;48186;48.31;98.62;14915;4731;18361;5901;2343;728;241;202;568;113;83
99_11;92547;41948;45.33;50599;54.67;340;0.37;0.67;182;0.2;0.36;50077;54.11;98.97;19632;3405;14845;6882;2996;710;289;199;948;96;75
