Libellé;;Taux de chômage localisé par département - Aveyron;Taux de chômage localisé par département - Ain;Taux de chômage localisé par département - Aisne;Taux de chômage localisé par département - Allier;Taux de chômage localisé par département - Alpes-de-Haute-Provence;Taux de chômage localisé par département - Hautes-Alpes;Taux de chômage localisé par département - Alpes-Maritimes;Taux de chômage localisé par département - Ardèche;Taux de chômage localisé par département - Ardennes;Taux de chômage localisé par département - Ariège;Taux de chômage localisé par département - Aube;Taux de chômage localisé par département - Aude;Taux de chômage localisé par département - Bouches-du-Rhône;Taux de chômage localisé par département - Calvados;Taux de chômage localisé par département - Cantal;Taux de chômage localisé par département - Charente;Taux de chômage localisé par département - Charente-Maritime;Taux de chômage localisé par département - Cher;Taux de chômage localisé par département - Corrèze;Taux de chômage localisé par département - Corse-du-Sud;Taux de chômage localisé par département - Haute-Corse;Taux de chômage localisé par département - Côte-d'Or;Taux de chômage localisé par département - Côtes-d'Armor;Taux de chômage localisé par département - Creuse;Taux de chômage localisé par département - Dordogne;Taux de chômage localisé par département - Doubs;Taux de chômage localisé par département - Drôme;Taux de chômage localisé par département - Eure;Taux de chômage localisé par département - Eure-et-Loir;Taux de chômage localisé par département - Finistère;Taux de chômage localisé par département - Gard;Taux de chômage localisé par département - Haute-Garonne;Taux de chômage localisé par département - Gers;Taux de chômage localisé par département - Gironde;Taux de chômage localisé par département - Hérault;Taux de chômage localisé par département - Ille-et-Vilaine;Taux de chômage localisé par département - Indre;Taux de chômage localisé par département - Indre-et-Loire;Taux de chômage localisé par département - Isère;Taux de chômage localisé par département - Jura;Taux de chômage localisé par département - Landes;Taux de chômage localisé par département - Loir-et-Cher;Taux de chômage localisé par département - Loire;Taux de chômage localisé par département - Haute-Loire;Taux de chômage localisé par département - Loire-Atlantique;Taux de chômage localisé par département - Loiret;Taux de chômage localisé par département - Lot;Taux de chômage localisé par département - Lot-et-Garonne;Taux de chômage localisé par département - Lozère;Taux de chômage localisé par département - Maine-et-Loire;Taux de chômage localisé par département - Manche;Taux de chômage localisé par département - Marne;Taux de chômage localisé par département - Haute-Marne;Taux de chômage localisé par département - Mayenne;Taux de chômage localisé par département - Meurthe-et-Moselle;Taux de chômage localisé par département - Meuse;Taux de chômage localisé par département - Morbihan;Taux de chômage localisé par département - Moselle;Taux de chômage localisé par département - Nièvre;Taux de chômage localisé par département - Nord;Taux de chômage localisé par département - Oise;Taux de chômage localisé par département - Orne;Taux de chômage localisé par département - Pas-de-Calais;Taux de chômage localisé par département - Puy-de-Dôme;Taux de chômage localisé par département - Pyrénées-Atlantiques;Taux de chômage localisé par département - Hautes-Pyrénées;Taux de chômage localisé par département - Pyrénées-Orientales;Taux de chômage localisé par département - Bas-Rhin;Taux de chômage localisé par département - Haut-Rhin;Taux de chômage localisé par département - Rhône;Taux de chômage localisé par département - Haute-Saône;Taux de chômage localisé par département - Saône-et-Loire;Taux de chômage localisé par département - Sarthe;Taux de chômage localisé par département - Savoie;Taux de chômage localisé par département - Haute-Savoie;Taux de chômage localisé par département - Paris;Taux de chômage localisé par département - Seine-Maritime;Taux de chômage localisé par département - Seine-et-Marne;Taux de chômage localisé par département - Yvelines;Taux de chômage localisé par département - Deux-Sèvres;Taux de chômage localisé par département - Somme;Taux de chômage localisé par département - Tarn;Taux de chômage localisé par département - Tarn-et-Garonne;Taux de chômage localisé par département - Vaucluse;Taux de chômage localisé par département - Vendée;Taux de chômage localisé par département - Vienne;Taux de chômage localisé par département - Haute-Vienne;Taux de chômage localisé par département - Vosges;Taux de chômage localisé par département - Yonne;Taux de chômage localisé par département - Territoire de Belfort;Taux de chômage localisé par département - Essonne;Taux de chômage localisé par département - Hauts-de-Seine;Taux de chômage localisé par département - Seine-Saint-Denis;Taux de chômage localisé par département - Val-de-Marne;Taux de chômage localisé par département - Val-d'Oise;Taux de chômage localisé par département - Var
IdBank;;001515862;001515866;001515867;001515868;001515869;001515870;001515871;001515872;001515873;001515874;001515875;001515876;001515877;001515878;001515879;001515880;001515881;001515882;001515883;001515884;001515885;001515886;001515887;001515888;001515889;001515890;001515891;001515892;001515893;001515894;001515895;001515896;001515897;001515898;001515899;001515900;001515901;001515902;001515903;001515904;001515905;001515906;001515907;001515908;001515909;001515910;001515911;001515912;001515913;001515914;001515915;001515916;001515917;001515918;001515919;001515920;001515921;001515922;001515923;001515924;001515925;001515926;001515927;001515928;001515929;001515930;001515931;001515932;001515933;001515934;001515935;001515936;001515937;001515938;001515939;001515940;001515941;001515942;001515943;001515944;001515945;001515946;001515947;001515948;001515949;001515950;001515951;001515952;001515953;001515954;001515955;001515956;001515957;001515958;001515959;001515960
Année;Trimestre
2016;4;7,3;7,3;13,7;10,4;11,6;9,1;10,6;10,7;11,9;12,0;12,8;13,3;11,8;9,2;6,2;9,6;10,3;10,3;8,1;9,9;11,0;8,1;9,0;9,0;10,4;9,0;10,9;10,3;9,4;8,8;13,4;9,8;7,8;9,8;13,9;7,8;9,7;9,1;8,3;7,3;9,6;8,5;9,8;8,0;8,1;9,5;9,2;10,0;6,2;9,1;8,0;9,4;9,1;6,6;9,7;9,5;9,0;10,1;9,0;12,5;9,9;9,1;12,2;8,7;8,2;11,2;15,3;8,6;9,6;8,8;9,3;8,8;9,5;7,7;7,2;7,8;11,1;7,9;7,4;7,8;11,7;10,5;11,4;12,8;7,7;8,1;9,4;10,7;9,4;10,6;7,7;7,5;12,7;8,8;10,0;11,1
2016;3;7,4;7,4;13,8;10,6;11,6;9,2;10,5;10,9;12,0;12,2;12,7;13,5;11,7;9,4;6,3;9,8;10,4;10,4;8,3;9,8;11,2;8,3;9,0;9,3;10,6;9,2;11,2;10,4;9,5;9,0;13,6;10,0;8,1;10,0;14,0;7,8;9,8;9,1;8,4;7,6;9,7;8,6;9,9;8,3;8,4;10,0;9,3;10,3;6,3;9,3;8,1;9,5;9,3;6,7;9,8;9,8;9,1;10,1;9,2;12,6;10,0;9,3;12,4;8,7;8,4;11,5;15,4;8,7;9,7;8,9;9,4;9,1;9,7;7,8;7,3;7,8;11,2;8,0;7,4;7,9;11,8;10,7;11,5;12,9;8,0;8,2;9,6;11,1;9,7;10,9;7,7;7,6;12,7;8,8;10,1;11,1
2016;2;7,3;7,3;13,5;10,4;11,3;9,0;10,3;10,6;11,8;12,0;12,5;13,3;11,5;9,3;6,2;9,7;10,4;10,4;8,2;9,8;11,3;8,4;8,9;9,4;10,4;9,1;10,9;10,2;9,4;9,0;13,5;10,0;8,0;9,9;13,7;7,8;9,6;9,0;8,3;7,5;9,6;8,6;9,8;8,1;8,2;9,7;9,1;10,2;6,3;9,2;8,0;9,5;9,1;6,6;9,7;9,7;9,1;10,0;9,2;12,4;9,8;9,2;12,3;8,6;8,3;11,2;15,2;8,6;9,6;8,8;9,2;9,1;9,7;7,5;7,2;7,7;11,2;7,9;7,3;7,7;11,7;10,4;11,3;12,7;7,9;8,2;9,6;11,1;9,5;10,8;7,6;7,5;12,5;8,7;9,9;10,8
2016;1;7,4;7,3;13,8;10,6;11,7;9,3;10,7;10,7;12,0;12,1;12,6;13,6;11,7;9,7;6,4;9,9;10,6;10,5;8,4;10,0;11,8;8,5;9,1;9,5;10,6;9,2;11,1;10,5;9,6;9,1;13,6;10,3;8,2;10,0;14,0;8,0;9,8;9,2;8,5;7,6;9,5;8,7;10,0;8,4;8,6;9,9;9,2;10,3;6,3;9,4;8,3;9,7;9,4;6,8;9,9;9,9;9,4;10,1;9,3;12,7;10,0;9,5;12,6;8,8;8,4;11,3;15,3;8,8;9,8;9,0;9,3;9,2;9,9;7,7;7,5;7,9;11,3;8,0;7,4;7,8;11,9;10,7;11,7;12,9;8,2;8,3;9,8;11,4;9,6;11,1;7,8;7,7;12,9;8,9;10,2;11,3
2015;4;7,5;7,3;13,9;10,7;11,6;9,4;10,6;10,8;12,1;12,2;12,5;13,8;11,8;9,7;6,4;10,0;10,8;10,6;8,2;9,9;11,8;8,6;9,1;9,6;10,7;9,3;11,2;10,5;9,5;9,2;13,9;10,4;8,3;10,1;14,0;8,0;9,7;9,2;8,5;7,6;9,6;8,8;10,0;8,4;8,7;9,9;9,2;10,4;6,4;9,5;8,3;9,8;9,4;6,9;10,0;9,9;9,4;10,3;9,5;12,8;10,0;9,5;12,8;8,9;8,5;11,4;15,3;8,8;9,9;9,1;9,4;9,2;9,9;7,8;7,5;8,0;11,2;8,1;7,4;7,8;12,0;10,9;11,6;12,9;8,3;8,3;9,9;11,6;9,7;11,2;7,7;7,8;12,9;8,9;10,2;11,3
2015;3;7,6;7,4;14,1;10,9;11,8;9,5;10,8;11,0;12,6;12,5;12,9;14,2;12,1;10,0;6,7;10,3;11,1;10,7;8,4;10,2;12,0;8,7;9,3;9,8;11,0;9,5;11,5;10,6;9,7;9,4;14,2;10,6;8,4;10,4;14,5;8,2;9,8;9,4;8,7;7,7;9,9;9,0;10,3;8,5;8,9;10,1;9,4;10,5;6,4;9,6;8,5;10,0;9,7;7,1;10,2;10,2;9,6;10,6;9,7;13,1;10,4;9,7;13,1;9,0;8,7;11,7;15,8;9,0;10,1;9,3;9,9;9,3;10,2;8,0;7,6;8,2;11,4;8,3;7,5;8,0;12,1;11,1;11,7;13,1;8,6;8,5;10,0;12,0;10,0;11,6;7,9;8,0;13,2;9,1;10,4;11,5
2015;2;7,5;7,4;14,0;10,8;11,9;9,4;10,9;10,8;12,7;12,5;12,9;14,3;12,1;10,0;6,6;10,2;11,0;10,6;8,3;10,3;12,1;8,7;9,3;9,8;11,1;9,6;11,4;10,6;9,7;9,3;14,3;10,6;8,3;10,3;14,5;8,2;9,6;9,4;8,6;7,9;9,9;9,0;10,3;8,4;8,9;10,1;9,3;10,3;6,4;9,6;8,5;10,0;9,8;7,1;10,2;10,3;9,6;10,6;9,6;13,0;10,3;9,6;13,1;9,0;8,7;11,7;15,6;9,0;10,0;9,3;10,0;9,3;10,1;8,1;7,6;8,3;11,3;8,2;7,5;8,0;11,9;11,1;11,7;13,1;8,6;8,5;10,0;12,0;10,0;11,6;7,8;8,0;13,2;9,1;10,4;11,5
2015;1;7,3;7,3;13,9;10,6;11,9;9,2;10,7;10,6;12,4;12,2;12,6;14,0;11,9;9,8;6,4;10,2;10,8;10,4;8,1;10,1;12,0;8,5;9,0;9,6;10,9;9,4;11,1;10,4;9,6;9,1;14,0;10,5;8,1;10,2;14,3;8,1;9,4;9,1;8,4;7,7;9,8;8,8;10,1;8,3;8,8;10,0;9,2;10,2;6,3;9,5;8,4;9,9;9,6;6,9;10,0;10,2;9,4;10,5;9,4;12,9;10,1;9,2;13,0;8,8;8,7;11,3;15,4;8,8;9,9;9,2;10,1;9,3;10,0;7,9;7,5;8,1;11,1;8,1;7,4;7,9;11,7;10,9;11,6;12,8;8,6;8,4;9,8;11,7;9,8;11,6;7,7;7,8;13,0;8,9;10,3;11,3
2014;4;7,3;7,4;14,1;10,7;12,0;9,3;10,8;10,8;12,6;12,5;12,6;14,3;12,1;10,0;6,5;10,3;10,9;10,4;8,2;10,1;12,1;8,7;9,2;9,8;11,0;9,7;11,2;10,7;9,8;9,3;14,3;10,7;8,2;10,2;14,6;8,2;9,6;9,4;8,4;7,8;9,9;9,2;10,2;8,5;8,9;10,2;9,4;10,3;6,2;9,6;8,5;10,1;9,9;7,0;10,2;10,4;9,6;10,8;9,5;13,1;10,3;9,5;13,2;8,9;8,8;11,6;15,5;8,9;10,0;9,3;10,4;9,4;10,1;8,1;7,6;8,3;11,3;8,2;7,5;8,1;11,9;11,1;11,7;13,0;8,6;8,6;9,9;12,0;10,0;11,9;7,8;8,0;13,2;9,1;10,4;11,4
2014;3;7,4;7,2;14,0;10,6;11,9;9,2;10,6;10,6;12,2;12,3;12,3;14,2;12,0;9,9;6,6;10,3;10,7;10,3;8,1;9,9;11,6;8,5;9,1;9,6;10,9;9,4;11,0;10,6;9,6;9,1;14,1;10,5;8,0;10,1;14,5;8,1;9,5;9,2;8,3;7,6;9,7;9,0;10,1;8,5;8,7;9,9;9,4;10,0;6,0;9,4;8,5;10,0;9,5;6,7;10,0;10,2;9,4;10,6;9,5;12,9;10,0;9,4;13,1;8,7;8,7;11,5;15,4;8,8;9,9;9,2;10,2;9,2;9,9;8,0;7,5;8,3;11,2;8,1;7,4;7,7;11,8;11,1;11,4;12,9;8,6;8,4;9,8;11,8;9,8;11,6;7,7;7,9;13,0;9,0;10,3;11,4
2014;2;7,3;6,9;13,9;10,4;11,5;9,1;10,3;10,5;12,1;12,0;11,9;13,9;11,8;9,6;6,5;10,0;10,5;10,1;8,0;9,6;11,2;8,3;9,0;9,5;10,6;9,2;10,8;10,5;9,5;9,0;13,7;10,3;7,8;9,9;14,4;7,9;9,4;9,0;8,2;7,4;9,6;8,8;9,9;8,3;8,6;9,7;9,2;9,9;5,8;9,2;8,3;9,8;9,4;6,6;9,8;10,1;9,2;10,5;9,4;12,8;10,0;9,3;13,0;8,5;8,5;11,3;14,9;8,6;9,7;9,1;10,1;9,0;9,7;7,9;7,3;8,2;11,1;8,0;7,3;7,6;11,7;10,8;11,0;12,6;8,4;8,2;9,5;11,7;9,7;11,5;7,5;7,7;12,8;8,8;10,1;11,1
2014;1;7,3;7,0;13,9;10,3;11,5;9,0;10,3;10,5;12,0;11,9;11,9;13,7;11,8;9,6;6,5;10,0;10,4;10,1;7,9;9,5;10,9;8,2;8,9;9,6;10,6;9,3;10,7;10,5;9,5;8,9;13,6;10,2;7,8;9,8;14,4;7,9;9,3;8,8;8,1;7,5;9,5;8,8;9,9;8,3;8,5;9,7;9,3;9,9;5,9;9,2;8,3;9,7;9,3;6,6;9,8;10,1;9,2;10,6;9,5;12,9;10,0;9,2;13,0;8,5;8,5;11,2;14,7;8,6;9,7;9,0;10,0;8,9;9,6;7,7;7,3;8,1;11,2;8,0;7,2;7,5;11,7;10,7;11,0;12,4;8,4;8,1;9,5;11,7;9,6;11,5;7,5;7,7;12,8;8,7;10,0;11,0
2013;4;7,3;7,0;14,0;10,2;11,6;9,1;10,2;10,4;12,1;12,0;11,5;13,5;11,8;9,5;6,6;10,1;10,4;10,2;7,8;9,5;11,0;8,3;8,8;9,7;10,6;9,2;10,7;10,5;9,4;8,9;13,6;10,2;7,8;9,8;14,3;7,9;9,2;8,9;8,0;7,5;9,5;8,8;9,8;8,3;8,4;9,6;9,3;9,9;5,9;9,1;8,3;9,5;9,3;6,5;9,8;10,1;9,1;10,6;9,6;12,9;10,1;9,1;13,0;8,4;8,5;11,3;14,6;8,6;9,7;9,0;9,9;8,9;9,6;7,6;7,3;8,1;11,2;8,0;7,2;7,5;11,8;10,7;10,9;12,3;8,3;7,9;9,5;11,7;9,6;11,5;7,5;7,7;12,8;8,7;9,9;11,0
2013;3;7,5;7,2;14,3;10,3;11,6;9,2;10,2;10,7;12,5;12,3;11,7;13,8;12,0;9,7;6,7;10,3;10,7;10,4;8,1;9,6;11,0;8,5;9,1;9,9;10,8;9,3;10,9;10,7;9,5;9,1;13,7;10,2;7,9;9,9;14,4;8,1;9,3;8,9;8,2;7,6;9,7;9,0;10,0;8,4;8,5;9,7;9,5;10,1;6,1;9,2;8,5;10,1;9,5;6,8;10,0;10,4;9,3;10,7;9,7;13,1;10,3;9,4;13,3;8,6;8,6;11,4;14,8;8,7;9,9;9,1;10,1;9,3;9,7;7,8;7,4;8,2;11,3;8,0;7,2;7,7;12,1;10,9;11,3;12,7;8,5;8,3;9,8;11,8;9,9;11,5;7,5;7,7;12,8;8,7;10,0;11,1
2013;2;7,7;7,3;14,4;10,4;11,7;9,3;10,3;10,8;12,6;12,6;11,8;13,9;12,3;9,9;7,0;10,6;10,9;10,6;8,3;9,7;10,9;8,7;9,1;10,1;10,9;9,6;11,2;10,9;9,6;9,2;13,9;10,3;8,1;10,0;14,7;8,2;9,4;9,1;8,4;7,7;9,6;9,1;10,2;8,5;8,6;9,7;9,7;10,2;6,2;9,3;8,6;10,1;9,8;6,9;10,2;10,7;9,4;10,8;9,8;13,4;10,4;9,6;13,6;8,7;8,7;11,5;15,0;8,8;10,0;9,3;10,4;9,4;9,9;7,8;7,5;8,4;11,5;8,1;7,3;7,8;12,3;11,1;11,4;12,8;8,5;8,5;9,9;11,9;10,1;11,7;7,5;7,8;12,8;8,8;10,1;11,2
2013;1;7,5;7,3;14,3;10,4;11,6;9,0;10,1;10,8;12,6;12,5;11,7;13,7;12,1;9,8;6,9;10,5;10,6;10,4;8,3;9,5;10,7;8,7;8,7;10,1;10,7;9,6;11,0;10,8;9,7;9,0;13,6;10,1;7,9;10,0;14,4;8,2;9,3;8,9;8,4;7,5;9,5;9,0;10,1;8,5;8,4;9,6;9,5;10,2;6,0;9,2;8,4;10,0;9,9;6,9;10,1;10,7;9,1;10,6;9,8;13,4;10,3;9,5;13,6;8,7;8,6;11,3;14,8;8,8;10,0;9,3;10,3;9,4;9,8;7,7;7,5;8,3;11,4;8,0;7,2;7,7;12,1;10,9;11,1;12,6;8,2;8,4;9,7;11,8;10,2;11,8;7,5;7,7;12,7;8,7;10,1;11,1
2012;4;7,2;7,1;14,2;10,3;11,5;8,8;9,8;10,5;12,4;12,1;11,3;13,4;11,9;9,7;6,8;10,4;10,4;10,1;8,1;9,4;10,4;8,5;8,6;9,9;10,7;9,4;10,8;10,6;9,5;8,9;13,3;9,9;7,7;9,8;14,1;8,1;9,1;8,7;8,3;7,4;9,3;8,7;9,9;8,4;8,2;9,4;9,5;10,1;5,9;9,0;8,3;9,6;9,7;6,8;9,8;10,5;8,9;10,3;9,7;13,1;10,1;9,4;13,4;8,6;8,4;11,2;14,5;8,5;9,7;9,1;10,2;9,1;9,6;7,6;7,4;8,1;11,1;7,7;7,0;7,7;11,9;10,7;10,8;12,4;8,0;8,3;9,5;11,5;10,0;11,7;7,2;7,6;12,4;8,4;9,8;10,9
2012;3;6,8;6,9;13,7;9,9;11,0;8,5;9,4;10,1;11,9;11,4;10,8;12,8;11,7;9,4;6,4;10,0;10,0;9,7;7,6;9,0;10,0;8,0;8,3;9,5;10,4;8,9;10,5;10,2;9,0;8,5;12,8;9,7;7,3;9,5;13,6;7,7;8,9;8,4;7,9;7,0;9,1;8,3;9,5;7,9;7,9;9,1;9,1;9,8;5,6;8,6;8,0;9,2;9,1;6,4;9,5;10,1;8,5;9,8;9,5;12,7;9,6;9,0;12,8;8,3;8,2;10,8;13,9;8,2;9,3;8,7;9,5;8,9;9,0;7,4;7,1;8,0;10,7;7,5;6,8;7,3;11,5;10,5;10,4;12,0;7,8;8,0;9,3;11,0;9,7;10,8;7,0;7,4;12,1;8,2;9,4;10,5
2012;2;6,7;6,8;13,8;10,0;11,0;8,5;9,4;10,0;11,6;11,6;10,6;12,8;11,8;9,2;6,5;10,0;10,0;9,7;7,5;9,0;10,0;7,8;8,2;9,5;10,5;8,7;10,4;10,1;9,0;8,4;12,7;9,6;7,2;9,5;13,7;7,6;8,6;8,2;7,9;6,9;9,0;8,2;9,4;7,8;7,9;9,0;9,2;9,7;5,5;8,5;8,0;9,0;8,8;6,2;9,5;10,1;8,5;9,7;9,5;12,6;9,6;8,9;12,7;8,4;8,2;10,8;13,8;8,1;9,3;8,7;9,2;8,9;8,8;7,4;7,1;8,0;10,6;7,5;6,7;7,2;11,5;10,5;10,4;11,8;7,7;8,0;9,2;11,0;9,4;10,4;7,0;7,4;12,0;8,2;9,4;10,7
2012;1;6,5;6,6;13,4;9,6;10,7;8,3;9,2;9,6;11,2;11,4;10,2;12,6;11,6;9,0;6,2;9,8;9,8;9,5;7,1;8,7;9,9;7,5;8,0;9,2;10,1;8,4;10,0;9,8;8,6;8,2;12,4;9,4;7,0;9,4;13,3;7,2;8,4;8,0;7,8;6,8;8,7;7,9;9,2;7,5;7,7;8,7;9,0;9,5;5,4;8,2;7,8;8,7;8,5;5,8;9,2;9,8;8,2;9,4;9,3;12,3;9,3;8,8;12,4;8,1;7,9;10,5;13,4;8,0;8,9;8,5;8,8;8,7;8,5;7,2;6,9;7,9;10,5;7,3;6,6;7,0;11,2;10,4;10,3;11,6;7,5;7,9;9,0;10,7;8,9;9,8;6,8;7,3;11,7;8,0;9,2;10,4
2011;4;6,4;6,5;13,0;9,5;10,5;8,2;9,0;9,6;11,1;11,2;10,2;12,4;11,5;8,9;6,1;9,5;9,6;9,5;6,9;8,7;9,9;7,4;7,8;9,1;9,9;8,3;9,9;9,5;8,4;8,0;12,3;9,2;7,0;9,3;13,1;7,0;8,3;7,8;7,7;6,7;8,5;7,8;9,0;7,4;7,6;8,5;8,9;9,5;5,3;8,1;7,8;8,8;8,5;5,8;9,0;9,6;8,0;9,4;9,2;12,1;9,1;8,5;12,3;8,1;7,8;10,1;13,1;7,8;8,8;8,4;8,6;8,6;8,4;7,1;6,7;7,8;10,3;7,1;6,5;6,8;11,0;10,2;10,3;11,6;7,3;7,8;8,9;10,5;8,9;9,7;6,7;7,1;11,5;8,0;9,1;10,3
2011;3;6,2;6,3;12,6;9,3;10,4;8,0;8,8;9,4;10,7;10,7;9,8;12,0;11,5;8,8;5,9;9,2;9,5;9,1;6,7;8,6;9,8;7,2;7,7;9,0;9,6;8,3;9,7;9,3;8,3;7,8;12,0;9,1;6,9;9,1;12,8;6,8;8,1;7,7;7,5;6,6;8,3;7,7;8,9;7,2;7,5;8,3;8,7;9,2;5,3;7,9;7,7;8,4;8,3;5,7;8,8;9,4;7,9;9,2;9,0;12,0;8,9;8,5;12,0;8,0;7,7;9,9;12,7;7,7;8,6;8,3;8,4;8,4;8,3;7,1;6,6;7,8;10,2;7,0;6,4;6,7;10,5;9,9;10,0;11,4;7,1;7,7;8,6;10,0;8,7;9,5;6,6;7,0;11,4;7,8;9,0;10,2
2011;2;6,1;6,2;12,6;9,2;10,1;7,7;8,6;9,1;10,4;10,2;9,5;11,9;11,4;8,7;5,6;9,0;9,3;8,9;6,5;8,5;9,6;7,2;7,5;9,0;9,3;8,3;9,5;9,2;8,2;7,7;11,8;9,0;6,7;8,9;12,6;6,6;7,8;7,5;7,5;6,6;8,2;7,5;8,8;7,0;7,5;8,1;8,4;9,0;5,1;7,7;7,8;8,2;8,1;5,5;8,7;9,1;7,8;9,1;8,8;12,0;8,9;8,4;11,9;7,9;7,6;9,9;12,3;7,7;8,4;8,1;8,1;8,3;8,2;7,0;6,5;7,7;10,0;7,0;6,4;6,5;10,4;9,7;9,5;11,2;7,0;7,6;8,6;9,8;8,6;9,2;6,5;6,9;11,2;7,7;8,9;10,1
2011;1;6,2;6,3;12,6;9,2;9,8;7,9;8,6;9,2;10,3;10,3;9,4;12,0;11,4;8,7;5,6;9,0;9,6;8,9;6,6;8,6;9,7;7,3;7,6;8,9;9,4;8,5;9,6;9,2;8,3;7,8;11,9;9,0;6,7;8,9;12,5;6,7;7,8;7,7;7,6;6,8;8,2;7,6;8,9;7,0;7,7;8,2;8,3;9,1;5,2;7,8;7,9;8,2;8,2;5,6;8,9;9,3;7,9;9,2;8,9;12,1;9,0;8,6;11,9;7,9;7,7;10,0;12,4;7,7;8,5;8,1;8,1;8,3;8,3;7,1;6,6;7,9;10,0;7,0;6,5;6,6;10,6;9,8;9,6;11,0;7,0;7,7;8,6;9,8;8,7;9,4;6,5;7,0;11,2;7,7;8,9;10,1
2010;4;6,3;6,4;12,4;9,1;9,7;7,7;8,6;9,2;10,5;10,3;9,3;11,9;11,2;8,7;5,5;8,9;9,6;8,9;6,3;8,5;9,6;7,3;7,5;8,8;9,1;8,7;9,6;9,2;8,4;7,8;11,8;9,0;6,7;8,9;12,4;6,8;7,8;7,6;7,6;6,9;8,2;7,5;8,8;6,9;7,8;8,3;8,1;9,1;4,9;7,8;7,7;8,2;8,3;5,8;9,0;9,5;8,0;9,4;8,8;12,2;9,1;8,5;11,9;8,0;7,6;9,6;12,1;7,8;8,7;8,2;8,2;8,4;8,4;7,1;6,8;8,0;10,1;6,9;6,5;6,7;10,5;9,7;9,6;10,8;7,2;7,8;8,5;9,9;8,7;9,8;6,6;7,1;11,2;7,7;9,0;9,9
2010;3;6,3;6,6;12,5;9,3;9,8;7,6;8,5;9,3;10,6;10,4;9,3;11,9;11,3;8,8;5,5;8,9;9,6;9,1;6,4;8,3;9,5;7,4;7,5;8,5;9,1;9,0;9,6;9,3;8,3;7,8;11,9;9,1;6,7;8,9;12,4;6,9;7,8;7,8;7,7;7,3;8,2;7,7;8,8;6,9;8,0;8,3;8,0;9,2;4,9;8,0;7,7;8,2;8,4;5,9;8,9;9,6;8,0;9,5;8,9;12,3;9,2;8,4;11,9;8,1;7,8;9,8;12,0;7,9;8,8;8,2;8,4;8,4;8,5;7,2;7,0;7,9;10,2;7,1;6,5;6,8;10,7;9,6;9,8;10,7;7,4;7,8;8,4;9,9;8,8;10,1;6,6;7,0;11,1;7,7;9,0;9,9
2010;2;6,3;6,9;12,6;9,2;9,8;7,4;8,5;9,4;10,9;10,3;9,2;11,9;11,2;8,9;5,5;9,0;9,7;9,1;6,4;8,3;9,3;7,5;7,5;8,4;9,1;9,3;9,7;9,3;8,4;8,0;12,0;9,1;6,7;8,9;12,5;7,0;8,1;7,9;7,8;7,6;8,1;7,9;9,1;7,1;8,1;8,3;8,0;9,3;4,8;8,0;7,9;8,3;8,6;6,1;8,8;9,5;8,1;9,6;9,1;12,4;9,2;8,7;12,0;8,2;7,7;9,9;12,2;8,1;8,8;8,4;8,7;8,6;8,6;7,5;7,5;8,0;10,2;7,1;6,5;6,9;10,7;9,6;9,7;10,7;7,5;7,8;8,4;10,0;8,8;10,4;6,6;7,1;11,0;7,6;9,0;9,9
2010;1;6,3;7,1;12,6;9,3;9,9;7,5;8,6;9,4;11,2;10,3;9,2;11,7;11,2;8,8;5,7;9,1;9,9;9,1;6,6;8,3;9,3;7,6;7,6;8,3;9,1;9,5;9,8;9,4;8,5;8,1;12,2;9,1;6,7;8,8;12,6;7,2;8,2;8,0;7,9;7,9;8,1;8,1;9,3;7,2;8,3;8,4;8,2;9,3;4,7;8,2;8,0;8,4;8,8;6,3;8,9;9,7;8,3;9,8;9,0;12,3;9,2;8,9;12,0;8,4;7,9;10,1;12,3;8,3;8,9;8,5;8,9;8,7;8,7;7,6;7,6;8,1;10,3;7,1;6,6;7,0;10,9;9,6;9,7;10,9;7,6;8,0;8,5;10,1;8,8;10,6;6,7;7,2;11,1;7,7;9,0;10,0
2009;4;6,4;7,2;12,6;9,5;10,0;7,6;8,8;9,8;11,6;10,6;9,5;11,7;11,3;9,0;6,0;9,4;10,1;9,0;6,6;8,4;9,3;7,7;7,6;8,2;9,1;9,7;10,1;9,5;8,5;8,2;12,4;9,0;6,7;8,9;12,8;7,3;8,2;7,9;8,2;8,1;8,2;8,1;9,5;7,3;8,3;8,4;8,3;9,3;4,9;8,4;8,1;8,5;9,1;6,4;9,1;9,9;8,4;10,0;9,1;12,3;9,4;9,0;12,2;8,5;7,9;10,3;12,4;8,4;9,1;8,6;9,1;8,8;8,9;7,6;7,6;8,3;10,4;7,2;6,8;7,1;11,2;9,7;9,7;11,0;7,9;8,2;8,6;10,4;9,0;10,7;6,8;7,3;11,2;7,9;9,2;10,2
2009;3;6,1;6,9;12,4;9,1;9,6;7,4;8,5;9,0;11,8;10,3;9,2;11,3;11,1;8,7;5,9;9,2;9,7;8,7;6,6;7,9;8,9;7,3;7,4;8,0;8,9;9,4;9,4;9,3;8,2;7,8;12,0;8,9;6,4;8,6;12,4;7,0;7,7;7,7;8,0;7,9;8,1;7,9;9,2;7,2;8,0;7,9;8,1;8,9;4,9;8,2;7,9;8,4;9,3;6,2;8,8;9,7;8,1;9,7;8,8;12,0;9,2;8,9;12,1;8,2;7,8;9,8;12,0;8,2;8,8;8,3;8,9;8,5;8,8;7,4;7,4;8,0;10,2;7,0;6,4;6,9;11,0;9,5;9,4;10,3;7,7;7,8;8,4;10,3;8,7;10,2;6,4;7,0;10,7;7,5;8,8;9,9
2009;2;6,2;7,0;12,4;9,2;9,6;7,5;8,4;9,5;12,3;10,3;9,3;11,3;10,9;9,0;5,9;9,3;9,7;8,6;6,7;7,6;8,8;7,2;7,3;7,9;8,9;9,5;9,6;9,4;8,3;7,8;11,9;8,9;6,4;8,5;12,4;7,1;7,9;7,8;8,1;8,1;8,0;8,1;9,5;7,4;7,9;8,0;8,0;8,9;4,9;8,3;8,2;8,5;9,7;6,4;8,7;9,5;8,2;9,8;8,9;12,2;9,2;9,3;12,3;8,3;7,8;9,7;11,9;8,1;9,0;8,3;9,3;8,5;8,7;7,4;7,5;7,8;10,2;6,9;6,3;6,9;10,9;9,6;9,3;10,4;7,8;7,9;8,2;10,6;8,8;10,3;6,3;6,8;10,6;7,3;8,7;10,0
2009;1;5,8;6,4;11,5;8,7;9,3;7,2;7,8;9,1;11,6;9,6;8,7;10,8;10,3;8,4;5,7;8,6;9,0;7,9;6,3;7,3;8,5;6,8;6,8;7,6;8,4;8,8;9,1;8,6;7,6;7,3;11,4;8,2;6,0;8,0;11,8;6,4;7,3;7,3;7,3;7,5;7,5;7,6;8,7;7,0;7,2;7,3;7,5;8,5;4,6;7,7;7,8;8,0;8,9;5,9;8,1;8,8;7,6;8,9;8,3;11,6;8,2;8,8;11,6;7,8;7,3;9,2;11,4;7,3;8,2;7,5;8,5;7,9;8,0;6,5;6,6;7,3;9,5;6,2;5,8;6,3;10,1;9,1;8,9;10,0;7,1;7,5;7,6;9,9;8,3;9,6;5,8;6,3;9,9;6,7;8,0;9,5
2008;4;5,2;5,4;10,2;7,8;8,6;6,6;7,0;8,4;10,4;8,6;8,0;10,0;9,4;7,6;5,3;7,8;8,2;7,1;5,3;7,1;8,3;6,0;6,2;7,0;7,5;7,3;8,4;7,3;6,7;6,7;10,6;7,4;5,4;7,4;10,9;5,6;6,5;6,4;6,2;6,3;6,9;6,5;7,5;6,4;6,3;6,4;6,8;7,8;4,2;6,8;6,8;7,1;7,8;5,1;7,2;7,9;6,8;7,7;7,4;10,4;7,2;7,6;10,7;7,0;6,6;7,9;10,5;6,3;7,1;6,7;7,4;6,9;7,0;5,5;5,4;6,7;8,6;5,5;5,2;5,6;9,1;8,5;8,2;9,0;6,0;6,7;6,8;8,7;7,3;8,3;5,2;5,8;9,2;6,2;7,3;8,8
2008;3;5,0;4,8;10,1;7,2;8,3;6,6;6,6;7,9;9,7;8,5;7,9;9,7;9,4;7,0;5,0;7,4;7,8;6,8;5,1;7,0;8,3;5,8;5,9;6,7;7,2;6,8;8,1;7,0;6,3;6,4;10,3;7,4;5,2;7,2;10,5;5,2;6,2;6,2;6,1;5,8;6,6;6,2;7,2;6,0;6,0;6,1;6,5;7,6;4,0;6,2;6,5;6,8;7,1;4,6;6,9;7,6;6,4;7,2;7,0;10,0;6,9;7,2;10,3;6,6;6,3;7,9;10,1;6,1;6,8;6,4;6,9;6,5;6,4;5,4;5,1;6,7;8,1;5,5;5,1;5,3;8,8;8,2;8,1;8,7;5,4;6,4;6,4;8,3;6,8;7,8;5,0;5,6;9,2;6,2;7,1;8,4
2008;2;4,8;4,6;9,9;7,1;8,3;6,5;6,5;7,7;9,5;8,2;7,8;9,3;9,4;6,7;4,9;7,4;7,7;6,8;4,9;7,0;8,2;5,6;5,7;6,7;7,0;6,7;8,0;7,0;6,1;6,4;10,2;7,3;5,3;7,0;10,3;5,1;5,9;6,1;6,0;5,6;6,4;6,2;7,0;5,9;5,9;5,9;6,4;7,3;3,8;6,1;6,3;6,6;6,8;4,4;6,8;7,6;6,3;7,0;6,8;9,8;6,8;6,8;10,2;6,5;6,2;7,6;9,8;6,1;6,9;6,2;6,6;6,3;6,2;5,3;4,8;6,7;7,9;5,4;5,1;5,1;8,6;8,0;7,8;8,6;5,2;6,2;6,3;8,0;6,5;7,7;4,9;5,6;9,2;6,2;7,0;8,3
2008;1;4,5;4,3;9,6;7,0;7,9;6,4;6,6;7,4;9,5;7,9;7,6;9,2;9,3;6,6;4,7;7,3;7,5;6,5;4,8;7,0;8,2;5,5;5,6;6,3;6,9;6,5;7,6;6,8;5,9;6,3;10,1;7,0;5,0;6,9;10,2;5,0;5,6;6,0;5,8;5,3;6,2;5,9;6,7;5,6;5,9;5,7;6,2;6,9;3,8;5,8;6,1;6,4;6,6;4,2;6,6;7,5;6,2;6,9;6,8;9,7;6,7;6,4;10,0;6,2;6,1;7,5;9,6;5,8;6,9;6,1;6,3;6,1;6,0;5,3;4,6;6,7;7,6;5,2;5,0;5,0;8,5;7,7;7,4;8,5;5,1;5,8;6,1;7,7;6,2;7,5;4,8;5,6;9,2;6,2;7,0;8,3
2007;4;4,7;4,6;9,7;7,2;8,3;6,6;6,8;7,8;9,9;8,3;7,9;9,5;9,6;7,0;5,0;7,5;7,8;6,9;5,0;7,2;8,5;5,9;5,9;6,5;7,0;6,7;7,9;7,1;6,2;6,5;10,5;7,2;5,2;7,1;10,6;5,3;6,0;6,1;6,0;5,5;6,4;6,2;6,9;5,9;6,2;5,9;6,4;7,1;4,0;6,2;6,3;6,8;6,9;4,3;6,9;7,8;6,5;7,3;7,1;10,0;6,9;6,5;10,2;6,5;6,2;7,8;10,0;6,0;7,4;6,4;6,5;6,4;6,3;5,3;4,7;7,0;7,9;5,4;5,3;5,1;8,7;7,9;7,8;8,9;5,3;6,0;6,4;8,1;6,5;8,2;5,0;5,8;9,6;6,5;7,3;8,7
2007;3;5,0;5,0;10,3;7,7;8,8;7,1;7,3;8,2;10,4;8,8;8,2;9,8;10,5;7,6;5,4;8,0;8,3;7,3;5,2;7,4;9,1;6,3;6,4;7,0;7,4;7,2;8,4;7,7;6,7;7,0;11,0;8,1;5,6;7,7;11,0;5,8;6,5;6,5;6,5;5,8;6,8;6,8;7,6;6,5;6,8;6,3;6,8;7,7;4,4;6,8;6,9;7,2;7,4;4,7;7,4;8,3;7,0;7,8;7,4;10,7;7,3;7,2;10,6;7,0;6,7;8,3;10,4;6,5;7,8;7,0;7,0;6,8;6,8;5,8;5,2;7,7;8,5;6,0;5,7;5,6;9,2;8,5;8,7;9,4;5,6;6,6;6,8;8,6;7,1;8,8;5,5;6,5;10,4;7,1;7,9;9,1
2007;2;4,9;4,9;10,4;7,8;8,9;7,2;7,5;8,4;10,5;9,0;8,3;10,0;10,7;7,9;5,4;7,9;8,5;7,4;5,3;7,7;9,4;6,4;6,5;7,0;7,6;7,4;8,6;7,8;6,9;7,0;11,4;8,3;5,5;7,9;11,2;6,0;6,7;6,7;6,7;5,8;7,1;6,7;7,7;6,6;7,0;6,5;6,9;7,9;4,5;6,9;7,2;7,2;7,4;4,7;7,5;8,4;7,0;7,9;7,5;10,8;7,4;7,3;10,8;7,1;6,8;8,4;10,6;6,6;7,9;7,2;7,2;7,0;6,9;5,9;5,2;7,8;8,8;6,2;5,9;5,6;9,4;8,7;8,8;9,7;5,6;6,7;6,9;8,6;7,2;9,3;5,6;6,7;10,7;7,4;8,2;9,3
2007;1;5,2;5,1;10,9;8,2;9,0;7,3;7,9;8,8;10,9;9,4;8,8;10,3;10,8;8,3;5,7;8,1;8,9;7,8;5,6;8,0;9,6;6,6;6,7;7,1;7,9;7,9;8,9;8,2;7,2;7,3;11,7;8,4;5,7;8,2;11,5;6,2;7,2;7,0;6,8;6,1;7,4;7,0;7,9;6,8;7,4;6,7;7,2;8,3;4,8;7,2;7,4;7,6;8,0;5,0;7,8;8,8;7,2;8,2;7,9;11,2;7,8;7,6;11,3;7,4;6,9;8,8;11,0;6,9;8,2;7,5;7,7;7,3;7,4;6,0;5,4;8,1;9,2;6,4;6,1;5,8;9,8;9,0;8,9;9,9;6,0;7,0;7,1;9,1;7,6;9,9;5,9;7,0;10,9;7,6;8,5;9,6
2006;4;5,2;5,1;10,6;8,1;8,6;6,9;7,9;8,5;11,1;9,3;8,8;10,2;10,5;8,3;5,5;7,9;8,7;7,8;5,4;8,0;9,6;6,5;6,7;6,7;7,7;7,9;8,6;8,1;7,2;7,1;11,5;8,3;5,7;8,1;11,3;6,2;7,3;6,8;6,6;6,1;7,2;6,9;7,8;6,6;7,3;6,7;7,1;8,2;4,7;7,3;7,3;7,6;7,9;5,0;7,7;8,5;7,1;8,1;7,9;10,9;7,8;7,5;11,3;7,2;6,7;8,4;10,6;6,8;8,1;7,3;7,7;7,2;7,4;5,9;5,3;7,9;9,2;6,3;6,0;5,8;9,6;8,9;8,8;9,5;6,0;7,1;7,1;9,0;7,6;9,9;5,8;6,9;10,7;7,4;8,3;9,4
2006;3;5,7;5,4;11,3;8,6;9,0;7,3;8,3;8,9;12,0;9,8;9,3;10,7;11,3;8,7;5,9;8,6;9,4;8,4;5,9;8,4;10,1;6,9;7,1;7,4;8,2;8,5;9,1;8,7;7,6;7,6;12,5;9,1;6,0;8,6;12,1;6,6;7,8;7,4;7,1;6,6;7,6;7,3;8,5;7,2;7,8;7,1;7,9;8,6;5,1;7,6;7,7;8,0;8,7;5,4;8,3;9,1;7,6;8,8;8,2;11,5;8,3;8,0;11,9;7,5;7,2;9,0;11,3;7,4;8,7;7,8;8,0;7,7;7,7;6,4;5,7;8,5;9,7;6,9;6,4;6,4;10,1;9,4;9,2;10,1;6,4;7,6;7,5;9,7;8,1;10,4;6,2;7,3;11,4;7,9;8,7;9,9
2006;2;5,6;5,4;11,5;8,6;9,1;7,3;8,3;9,0;12,3;9,6;9,7;10,7;11,4;8,9;6,1;8,6;9,4;8,4;5,9;8,3;10,1;7,0;7,2;7,3;8,4;8,5;9,2;8,8;7,8;7,6;12,4;9,0;6,2;8,9;12,1;6,6;8,1;7,5;7,2;6,6;7,7;7,5;8,6;7,1;7,7;7,1;7,9;8,6;5,1;7,7;7,7;8,2;8,8;5,5;8,4;9,0;7,6;8,9;8,3;11,8;8,4;8,0;12,0;7,5;7,2;9,2;11,2;7,6;8,7;7,8;8,1;7,9;7,7;6,4;5,8;8,6;9,7;7,0;6,4;6,6;10,2;9,2;9,1;10,2;6,5;7,6;7,4;9,8;8,1;10,2;6,5;7,4;11,5;7,9;8,8;10,0
2006;1;5,6;5,6;11,6;8,7;9,4;7,5;8,4;9,1;12,3;9,8;9,8;10,8;11,3;9,0;6,2;8,7;9,7;8,7;6,1;8,3;10,1;7,1;7,3;7,6;8,6;8,5;9,5;8,8;8,1;7,8;12,5;9,1;6,3;9,1;12,4;6,8;8,1;7,7;7,4;6,7;7,9;7,7;8,8;7,4;7,9;7,3;7,9;8,8;5,2;7,9;7,8;8,4;8,8;5,6;8,4;9,0;7,8;9,0;8,3;12,0;8,6;8,3;12,0;7,6;7,4;9,2;11,4;7,7;8,8;7,9;8,0;8,1;7,8;6,5;5,9;8,8;9,9;7,1;6,6;6,7;10,2;9,3;9,1;10,3;6,7;7,7;7,6;9,9;8,3;10,0;6,7;7,7;12,0;8,2;9,0;10,2
2005;4;5,5;5,7;11,6;8,6;9,2;7,5;8,5;9,0;12,0;9,6;9,5;10,6;11,2;8,9;6,0;8,7;9,6;8,6;6,1;8,4;10,0;7,1;7,1;7,5;8,5;8,2;9,4;8,6;8,1;7,6;12,2;9,1;6,2;9,1;12,3;6,6;7,9;7,6;7,3;6,6;7,9;7,7;8,5;7,1;7,8;7,1;7,8;8,6;5,1;7,7;7,7;8,3;8,6;5,6;8,2;8,8;7,6;8,9;8,4;11,7;8,6;8,2;11,8;7,5;7,4;9,1;11,3;7,5;8,4;7,9;7,8;8,0;7,5;6,6;5,9;8,9;9,9;7,1;6,6;6,5;10,0;9,1;9,0;10,2;6,6;7,6;7,3;9,7;8,2;9,7;6,7;7,7;11,9;8,2;9,0;10,1
2005;3;5,4;5,7;11,4;8,5;9,1;7,5;8,5;8,9;11,7;9,5;9,4;10,4;11,3;8,9;6,0;8,8;9,6;8,6;6,1;8,7;9,9;7,0;7,0;7,4;8,5;8,1;9,3;8,6;8,0;7,6;12,2;9,2;6,0;9,2;12,4;6,5;7,9;7,6;7,4;6,6;7,9;7,6;8,6;7,1;7,8;7,0;7,7;8,5;5,0;7,6;7,6;8,2;8,4;5,5;8,1;8,6;7,5;8,7;8,3;11,6;8,4;8,1;11,5;7,4;7,5;9,1;11,5;7,4;8,3;7,9;7,7;7,9;7,4;6,6;5,9;8,9;9,9;7,3;6,6;6,2;9,9;8,9;8,9;10,1;6,5;7,4;7,2;9,5;8,0;9,4;6,7;7,7;11,9;8,2;8,9;10,2
2005;2;5,2;5,5;11,0;8,4;9,0;7,4;8,4;8,7;11,3;9,2;9,0;10,2;10,9;8,7;5,7;8,5;9,4;8,4;5,9;8,8;10,0;7,0;6,9;7,4;8,2;7,9;9,1;8,4;7,9;7,5;11,9;9,0;5,8;9,0;12,2;6,3;7,7;7,5;7,3;6,5;7,7;7,6;8,5;6,8;7,8;6,9;7,5;8,3;5,1;7,4;7,5;7,9;8,1;5,4;7,9;8,3;7,3;8,5;8,2;11,3;8,3;8,0;11,1;7,3;7,4;8,9;11,2;7,3;8,0;7,8;7,4;7,6;7,1;6,5;5,8;9,0;9,7;7,1;6,5;5,9;9,6;8,6;8,6;9,8;6,4;7,3;7,0;9,4;7,9;9,1;6,7;7,7;11,8;8,1;8,9;10,1
2005;1;5,1;5,4;10,7;8,2;8,8;7,1;8,3;8,5;11,1;9,0;8,8;10,0;10,5;8,4;5,6;8,2;9,2;8,3;5,9;8,4;9,4;6,9;6,8;7,3;8,0;7,7;8,9;8,2;7,8;7,3;11,7;8,7;5,7;8,8;11,9;6,0;7,7;7,3;7,2;6,3;7,5;7,6;8,4;6,6;7,7;6,7;7,3;8,1;4,9;7,3;7,4;7,7;7,9;5,3;7,8;8,0;7,2;8,3;7,9;11,0;8,1;7,9;10,8;7,1;7,3;8,7;11,1;7,2;7,7;7,7;7,2;7,5;6,9;6,4;5,7;9,0;9,5;7,1;6,5;5,8;9,4;8,4;8,3;9,5;6,2;7,2;6,8;9,2;7,7;8,7;6,6;7,7;11,7;8,0;8,8;10,0
2004;4;5,2;5,5;10,8;8,5;9,0;7,3;8,5;8,7;11,3;9,0;9,1;10,2;11,0;8,6;5,8;8,4;9,4;8,5;6,0;8,9;9,9;7,0;7,0;7,5;8,1;7,8;9,1;8,4;8,0;7,5;12,0;9,0;6,0;9,0;12,1;6,1;7,9;7,5;7,3;6,3;7,8;7,7;8,6;6,9;7,9;6,9;7,5;8,3;5,1;7,4;7,6;7,8;8,2;5,4;8,0;8,0;7,4;8,5;8,1;11,2;8,1;8,0;11,1;7,5;7,5;9,1;11,3;7,2;7,7;7,9;7,3;7,7;7,1;6,6;5,9;9,3;9,9;7,2;6,8;6,0;9,7;8,7;8,5;9,6;6,3;7,2;6,9;9,3;7,9;8,8;6,8;7,9;12,1;8,2;9,0;10,3
2004;3;5,2;5,5;10,8;8,5;8,9;7,2;8,5;8,7;11,4;8,8;9,1;10,3;11,0;8,5;5,7;8,2;9,3;8,4;6,0;9,1;9,9;7,0;7,0;7,4;8,1;7,8;9,1;8,4;7,9;7,4;12,1;9,1;5,8;8,9;12,2;6,2;7,6;7,5;7,2;6,3;7,6;7,8;8,6;6,8;8,0;6,8;7,4;8,4;4,9;7,5;7,5;7,8;8,3;5,3;7,9;7,9;7,4;8,4;8,0;11,2;8,1;7,9;11,1;7,4;7,5;9,0;11,5;7,1;7,6;7,9;7,2;7,7;7,0;6,7;5,9;9,3;9,8;7,1;6,7;6,1;9,6;8,7;8,5;9,4;6,3;7,2;6,9;9,1;7,8;9,0;6,7;7,9;12,1;8,2;8,9;10,3
2004;2;5,2;5,5;10,7;8,3;8,5;7,2;8,5;8,6;11,4;8,7;9,0;10,2;10,8;8,5;5,8;8,2;9,3;8,4;6,0;9,0;9,7;6,9;6,9;7,2;8,1;7,8;9,0;8,3;7,7;7,3;12,0;8,9;5,7;8,9;12,1;6,3;7,4;7,5;7,2;6,3;7,5;7,7;8,5;6,7;7,9;6,7;7,4;8,4;4,8;7,4;7,3;7,6;8,3;5,2;7,7;7,8;7,5;8,1;7,9;11,0;8,0;7,6;10,9;7,3;7,6;9,0;11,5;6,9;7,3;7,8;7,0;7,7;6,9;6,7;5,9;9,3;9,7;6,9;6,7;6,2;9,5;8,6;8,4;9,3;6,2;7,0;6,8;8,7;7,7;8,8;6,7;7,8;12,0;8,1;8,7;10,1
2004;1;5,3;5,6;10,9;8,4;8,8;7,3;8,7;8,7;11,9;8,9;9,3;10,3;11,0;8,8;5,8;8,6;9,5;8,5;6,1;8,9;9,5;7,1;7,1;7,4;8,2;8,1;9,2;8,5;7,8;7,4;12,3;9,0;5,8;9,1;12,4;6,7;7,7;7,6;7,4;6,6;7,7;7,9;8,7;6,9;8,2;6,8;7,6;8,4;4,8;7,6;7,5;7,7;8,4;5,3;7,8;7,9;7,7;8,3;8,2;11,2;8,1;7,8;11,1;7,5;7,8;9,4;11,7;7,0;7,3;8,1;7,1;7,9;6,9;6,9;6,1;9,6;9,9;7,0;6,8;6,4;9,7;8,8;8,6;9,6;6,4;7,1;6,9;9,0;7,9;9,0;6,8;8,0;12,2;8,3;8,9;10,3
2003;4;5,2;5,5;10,5;8,1;8,7;7,2;8,7;8,6;11,7;8,7;9,4;10,1;11,1;8,7;5,6;8,3;9,3;8,3;5,9;8,7;9,4;7,0;7,0;7,2;8,1;8,0;9,2;8,3;7,6;7,2;12,2;8,9;5,7;9,0;12,3;6,7;7,6;7,5;7,2;6,5;7,7;7,7;8,6;6,7;7,9;6,7;7,4;8,3;4,8;7,5;7,2;7,6;8,1;5,2;7,6;7,7;7,6;8,0;8,0;10,9;8,0;7,5;10,7;7,2;7,6;9,1;11,6;6,8;7,0;7,9;6,9;7,8;6,7;6,7;6,0;9,3;9,6;6,8;6,6;6,3;9,6;8,6;8,4;9,5;6,3;7,0;6,8;8,8;7,8;8,7;6,6;7,8;11,9;8,0;8,6;10,2
2003;3;5,1;5,2;10,2;7,8;8,5;6,9;8,4;8,5;11,2;8,4;8,7;9,4;10,9;8,3;5,4;8,0;8,9;7,8;5,6;8,5;9,3;6,7;6,7;7,0;7,6;7,1;9,1;7,8;7,1;7,0;11,8;8,7;5,4;8,4;12,0;6,4;7,2;7,0;6,9;6,0;7,3;7,4;8,3;6,5;7,6;6,3;7,1;7,9;4,7;7,1;7,0;7,1;7,5;5,0;7,3;7,3;7,2;7,7;7,7;10,4;7,5;7,2;10,2;6,9;7,4;8,8;11,3;6,4;6,5;7,5;6,4;7,4;6,4;6,4;5,7;9,1;9,0;6,5;6,2;6,2;9,0;8,3;8,0;9,2;6,0;6,7;6,5;8,6;7,2;7,9;6,3;7,5;11,5;7,6;8,1;10,0
2003;2;5,2;5,2;10,5;7,9;8,8;6,9;8,6;8,4;11,3;8,4;8,7;9,7;11,3;8,5;5,5;8,2;9,0;7,8;5,7;8,6;9,3;6,8;6,8;7,0;7,7;7,0;9,1;8,0;7,2;7,0;12,1;8,8;5,5;8,5;12,3;6,4;7,2;7,1;7,1;6,2;7,3;7,2;8,4;6,6;7,6;6,2;7,2;8,1;4,7;7,4;7,2;7,3;7,4;5,0;7,4;7,4;7,4;7,8;7,6;10,6;7,6;7,3;10,5;7,0;7,6;8,8;11,7;6,5;6,3;7,6;6,5;7,6;6,6;6,7;5,8;9,1;9,3;6,5;6,3;6,3;9,2;8,4;8,2;9,4;6,0;6,8;6,4;8,7;7,2;7,7;6,3;7,6;11,5;7,7;8,2;10,2
2003;1;5,1;5,0;10,3;7,8;8,8;7,0;8,6;8,2;10,9;8,4;8,5;9,8;10,9;8,3;5,5;7,9;8,8;7,6;5,4;8,7;9,4;6,6;6,7;6,6;7,6;6,9;9,0;7,8;6,9;6,9;12,2;8,8;5,4;8,5;12,4;6,2;6,9;6,9;7,0;6,0;7,3;7,0;8,2;6,3;7,5;6,0;7,2;7,9;4,8;7,1;7,1;7,1;7,4;4,8;7,3;7,3;7,2;7,6;7,5;10,5;7,4;7,0;10,3;6,8;7,4;8,7;11,7;6,2;6,0;7,3;6,6;7,5;6,4;6,7;5,8;8,8;9,2;6,1;6,0;6,1;9,1;8,4;8,2;9,3;5,8;6,6;6,1;8,6;7,0;7,7;6,1;7,4;11,1;7,4;7,9;10,1
2002;4;5,0;4,7;9,8;7,5;8,6;6,7;8,2;8,1;10,5;8,1;8,1;9,5;10,6;7,8;5,4;7,7;8,5;7,4;5,1;8,6;9,4;6,3;6,4;6,3;7,3;6,6;8,6;7,5;6,7;6,7;12,0;8,5;5,3;8,2;12,1;5,9;6,6;6,6;6,6;5,7;7,0;6,7;7,8;6,2;7,2;5,6;6,9;7,4;4,7;6,9;6,9;6,7;7,1;4,5;6,9;7,0;7,1;7,2;7,1;10,3;7,1;6,6;9,9;6,7;7,2;8,4;11,4;5,9;5,5;6,8;6,3;7,2;6,3;6,1;5,4;8,5;9,0;5,7;5,8;5,7;8,8;8,0;7,8;9,0;5,6;6,4;5,9;8,1;6,6;7,2;5,7;7,0;10,7;7,1;7,4;9,9
2002;3;4,8;4,5;9,7;7,5;8,6;6,9;8,2;8,0;10,4;8,0;8,0;9,5;10,7;7,8;5,5;7,6;8,6;7,3;5,1;8,5;9,6;6,3;6,3;6,3;7,2;6,5;8,3;7,4;6,5;6,6;12,0;8,5;5,2;8,1;12,2;5,9;6,5;6,6;6,5;5,5;6,9;6,4;7,5;6,1;7,2;5,5;6,8;7,3;4,7;6,7;6,9;6,7;6,9;4,5;6,7;6,9;7,1;7,0;7,1;10,3;7,0;6,5;10,0;6,7;7,3;8,6;11,1;5,7;5,2;6,6;6,1;7,0;6,2;6,0;5,4;8,2;8,9;5,5;5,6;5,6;8,9;7,9;7,8;9,2;5,6;6,3;5,9;7,8;6,5;7,0;5,5;6,7;10,5;7,0;7,2;10,0
2002;2;4,7;4,4;9,7;7,6;8,6;7,0;8,1;8,0;10,5;8,1;8,1;9,7;10,8;7,6;5,6;7,6;8,5;7,3;5,0;8,6;9,8;6,3;6,3;6,5;7,2;6,5;8,2;7,4;6,3;6,5;12,0;8,6;5,3;8,1;12,3;5,9;6,6;6,6;6,5;5,3;6,9;6,2;7,4;6,1;7,2;5,4;6,8;7,4;4,8;6,7;6,9;6,7;6,9;4,3;6,7;6,9;7,0;6,9;7,1;10,4;6,9;6,4;10,2;6,7;7,2;8,7;11,1;5,5;5,0;6,3;6,2;6,9;6,2;6,1;5,4;8,0;9,0;5,4;5,4;5,6;9,2;7,9;7,9;9,3;5,5;6,2;5,9;7,7;6,3;6,9;5,3;6,5;10,4;6,8;7,0;10,1
2002;1;4,8;4,4;9,7;7,7;8,8;7,1;8,2;8,1;10,6;8,1;8,0;9,8;11,1;7,6;5,7;7,7;8,6;7,3;5,1;9,0;10,2;6,2;6,3;6,7;7,2;6,4;8,2;7,3;6,2;6,6;12,1;8,7;5,4;8,1;12,2;5,8;6,7;6,5;6,5;5,2;6,9;6,1;7,5;6,2;7,2;5,2;6,8;7,5;4,8;6,7;6,9;6,6;6,9;4,2;6,7;6,8;7,0;6,8;7,1;10,5;6,9;6,5;10,4;6,7;7,2;8,6;11,2;5,3;4,8;6,3;6,3;6,9;6,2;6,1;5,4;7,7;9,1;5,2;5,2;5,7;9,3;7,9;7,8;9,5;5,5;6,2;5,9;7,7;6,3;6,8;5,0;6,2;10,2;6,6;6,8;10,3
2001;4;4,7;4,2;9,9;7,8;8,9;7,2;8,2;8,0;10,6;8,1;7,8;9,8;11,5;7,6;6,0;7,8;8,7;7,4;5,2;9,4;10,7;6,2;6,3;6,9;7,4;6,1;8,2;7,2;6,0;6,7;12,1;8,8;5,4;8,2;12,2;5,7;6,7;6,6;6,4;5,0;7,0;6,1;7,6;6,2;7,3;5,1;6,8;7,6;4,9;6,8;7,0;6,7;7,0;4,2;6,6;6,8;7,0;6,7;7,1;10,6;6,8;6,4;10,5;6,8;7,3;8,8;11,3;5,2;4,5;6,3;6,2;6,8;6,2;6,1;5,2;7,5;9,2;5,0;5,0;5,8;9,3;7,9;7,8;9,7;5,6;6,3;5,8;7,5;6,2;6,4;4,8;6,0;10,0;6,4;6,6;10,6
2001;3;4,6;3,9;10,0;7,8;8,9;7,2;8,2;7,8;10,4;8,3;7,7;9,9;11,7;7,6;6,3;7,7;8,8;7,4;5,2;9,6;10,8;6,1;6,1;7,0;7,4;5,5;8,1;7,0;5,8;6,6;12,2;9,0;5,5;8,1;12,2;5,5;6,7;6,5;6,2;4,7;6,8;6,0;7,5;6,2;7,3;4,9;6,8;7,6;4,9;6,7;6,9;6,7;7,0;4,1;6,5;6,6;6,9;6,6;7,0;10,5;6,7;6,1;10,5;6,8;7,3;8,8;11,3;5,0;4,2;6,1;5,9;6,7;6,0;6,0;4,9;7,3;9,3;4,9;4,8;5,8;9,3;8,0;7,8;9,7;5,5;6,3;5,7;7,2;6,1;5,9;4,7;5,9;9,9;6,4;6,5;10,8
2001;2;4,7;3,7;10,0;8,2;9,0;7,2;8,3;7,7;10,5;8,5;7,7;9,9;11,9;7,6;6,7;7,7;9,0;7,4;5,2;9,9;11,0;6,1;6,1;7,1;7,6;5,2;8,0;6,7;5,5;6,6;12,4;9,2;5,6;8,1;12,3;5,1;6,7;6,5;6,0;4,5;6,9;5,9;7,5;6,3;7,2;4,8;7,0;7,8;4,9;6,5;7,0;6,7;6,9;4,1;6,5;6,5;6,8;6,5;7,0;10,5;6,6;6,0;10,7;7,1;7,4;8,9;11,3;4,7;4,3;6,0;5,6;6,6;5,8;5,9;4,8;7,2;9,2;5,0;4,6;5,8;9,3;8,0;8,0;9,7;5,5;6,3;5,7;7,0;6,1;5,6;4,6;5,7;9,9;6,3;6,4;11,0
2001;1;4,7;3,7;10,2;8,4;9,0;6,9;8,5;7,6;10,9;8,7;7,9;10,1;12,1;7,8;6,8;7,7;9,2;7,5;5,3;10,2;11,4;6,1;6,2;7,0;7,7;5,2;8,0;6,9;5,6;6,6;12,5;9,2;5,6;8,2;12,5;4,9;6,8;6,6;6,1;4,4;7,0;6,2;7,5;6,5;7,2;4,9;7,0;7,8;4,9;6,5;7,0;7,0;6,9;3,8;6,8;6,7;6,8;6,7;7,0;10,8;6,8;6,1;11,0;7,3;7,5;8,9;11,6;4,7;4,5;6,0;6,0;6,6;5,8;5,9;4,8;7,1;9,4;5,2;4,7;5,8;9,6;8,0;8,0;9,8;5,5;6,4;5,7;7,2;6,1;5,9;4,6;5,9;9,9;6,6;6,7;11,3
2000;4;4,9;3,9;10,4;8,3;9,1;7,0;8,7;7,8;10,9;8,9;7,8;10,5;12,4;7,9;6,7;7,9;9,3;7,7;5,5;10,3;11,5;6,3;6,3;7,2;7,9;5,5;8,3;7,2;5,9;6,8;12,9;9,4;5,8;8,4;12,9;5,3;6,9;6,9;6,5;4,5;7,3;6,5;7,8;6,4;7,4;5,2;7,2;8,0;4,9;6,6;7,1;7,1;6,9;3,7;7,0;6,8;7,0;6,9;7,2;11,1;7,1;6,2;11,1;7,3;7,6;9,0;12,1;4,7;4,5;6,3;6,2;6,9;6,0;6,3;5,1;7,5;9,9;5,2;4,9;6,0;9,7;8,2;8,0;10,1;5,6;6,5;5,9;7,4;6,4;6,3;4,9;6,2;10,3;6,9;6,9;11,6
2000;3;5,2;4,4;10,5;8,3;9,4;6,9;9,0;7,9;10,9;9,2;7,9;10,9;12,8;8,1;6,6;8,1;9,6;7,9;5,8;10,3;11,8;6,7;6,6;7,4;8,2;6,1;8,6;7,4;6,1;7,1;13,5;9,7;6,1;8,8;13,4;5,7;7,0;7,2;7,0;4,9;7,5;6,7;8,2;6,4;7,8;5,3;7,4;8,3;5,1;6,9;7,2;7,2;7,0;3,9;7,0;6,7;7,4;7,1;7,7;11,3;7,4;6,5;11,4;7,3;7,9;9,3;12,5;4,8;4,6;6,7;6,2;7,3;6,5;6,9;5,6;8,0;10,2;5,3;5,1;6,3;9,9;8,6;8,2;10,5;5,8;6,9;6,3;7,4;6,9;6,6;5,3;6,3;10,8;7,0;7,1;12,0
2000;2;5,4;4,8;10,9;8,5;9,7;7,2;9,4;8,5;11,2;9,4;8,2;11,3;13,2;8,5;6,8;8,3;10,0;8,2;6,1;10,5;12,2;6,9;6,9;7,6;8,4;6,5;9,3;7,8;6,4;7,3;14,0;9,6;6,2;9,1;13,8;6,0;7,2;7,5;7,5;5,3;7,6;7,1;8,5;6,8;8,1;5,6;7,6;8,5;5,4;7,1;7,4;7,4;7,3;4,0;7,2;6,9;7,6;7,5;8,1;11,6;7,8;6,7;11,9;7,4;8,1;9,6;12,9;5,0;4,9;7,3;6,5;7,5;6,8;7,3;6,0;8,3;10,5;5,7;5,4;6,5;10,2;8,8;8,4;11,0;6,0;7,1;6,5;7,7;7,1;6,9;5,5;6,6;11,3;7,3;7,5;12,3
2000;1;5,5;5,1;11,2;9,0;10,0;7,9;9,9;9,4;11,7;9,6;8,6;11,7;13,8;8,9;7,2;8,6;10,4;8,6;6,4;10,9;12,7;7,2;7,2;7,9;8,6;6,8;10,0;8,1;6,6;7,6;14,6;9,9;6,3;9,6;14,3;6,3;7,5;7,9;8,0;5,4;7,7;7,4;8,8;7,2;8,5;6,0;7,9;8,8;5,7;7,3;7,7;7,6;7,9;4,3;7,6;7,3;7,9;7,7;8,4;12,1;8,0;7,0;12,4;7,7;8,3;10,0;13,4;5,2;5,1;7,9;6,9;7,7;7,2;7,6;6,3;8,7;10,9;6,1;5,6;6,8;10,5;9,2;8,6;11,4;6,3;7,4;6,8;8,1;7,4;7,3;5,9;6,9;12,2;7,8;7,8;12,8
1999;4;5,7;5,6;11,6;9,6;10,2;8,1;10,4;9,7;12,1;9,9;9,0;12,1;14,3;9,3;7,5;9,0;10,8;8,9;6,7;11,3;13,1;7,6;7,5;8,4;8,9;7,3;10,3;8,7;7,1;7,9;15,0;10,5;6,4;10,0;14,7;6,6;7,9;8,3;8,4;5,6;8,0;7,6;9,3;7,5;8,9;6,5;8,2;9,2;5,8;7,6;8,1;8,0;8,4;4,8;8,0;7,7;8,2;8,1;8,9;12,7;8,4;7,5;13,1;8,1;8,6;10,3;13,9;5,5;5,4;8,3;7,4;8,0;7,6;8,1;6,7;8,9;11,4;6,5;6,0;7,1;10,9;9,5;8,9;11,7;6,7;7,8;7,2;8,6;7,9;7,8;6,3;7,3;12,6;8,2;8,2;13,2
1999;3;6,0;6,0;11,9;10,1;10,4;8,5;10,7;10,0;12,6;10,1;9,4;12,5;14,8;9,7;7,8;9,5;11,2;9,2;7,0;11,7;13,3;7,9;7,9;8,6;9,3;7,7;10,7;9,2;7,5;8,2;15,3;10,8;6,7;10,4;15,1;7,0;8,3;8,9;8,9;5,9;8,4;8,1;9,7;7,8;9,4;6,9;8,4;9,7;5,8;8,1;8,5;8,5;8,8;5,2;8,4;8,1;8,6;8,5;9,5;13,2;8,9;8,0;13,6;8,4;8,8;10,7;14,4;5,8;5,8;8,8;7,9;8,4;8,2;8,4;7,0;9,2;11,9;7,0;6,3;7,5;11,4;9,8;9,2;12,1;7,0;8,2;7,7;9,1;8,5;8,3;6,6;7,6;12,8;8,6;8,7;13,8
1999;2;6,0;6,2;12,2;10,4;10,6;8,8;11,0;10,2;13,0;10,3;9,7;12,8;15,2;10,0;8,2;9,8;11,5;9,5;7,3;12,0;13,6;8,2;8,4;8,8;9,6;8,0;11,0;9,6;7,9;8,7;15,5;11,0;6,9;10,8;15,3;7,6;8,6;9,3;9,2;6,1;8,6;8,6;9,9;7,9;9,9;7,2;8,5;10,1;5,8;8,5;8,8;8,8;8,9;5,6;8,7;8,5;9,1;8,8;9,9;13,6;9,3;8,3;13,9;8,5;9,1;10,8;14,6;6,1;5,9;9,2;8,3;8,7;8,6;8,7;7,2;9,5;12,3;7,3;6,5;7,9;11,9;9,9;9,4;12,5;7,3;8,5;8,0;9,4;9,0;8,7;6,9;7,8;13,2;8,8;9,0;14,0
1999;1;6,1;6,2;12,1;10,4;10,7;9,2;11,1;10,2;12,9;10,3;9,8;12,9;15,2;10,1;8,1;9,8;11,5;9,4;7,5;12,1;13,7;8,3;8,5;8,9;9,6;8,1;11,1;9,7;8,0;8,8;15,6;11,0;6,9;10,9;15,4;7,8;8,7;9,3;9,2;6,3;8,6;8,7;9,9;7,7;10,1;7,3;8,5;10,2;5,9;8,7;8,9;8,9;8,8;5,7;8,8;8,5;9,3;8,9;10,0;13,6;9,4;8,3;13,9;8,4;9,1;10,9;14,7;6,2;6,0;9,1;8,4;8,8;8,8;8,8;7,2;9,7;12,2;7,5;6,6;7,9;12,0;9,9;9,6;12,6;7,5;8,6;8,0;9,4;9,2;8,8;6,9;7,9;13,2;8,9;9,1;13,9
1998;4;6,0;6,1;11,9;10,3;10,6;9,1;11,1;10,1;12,9;10,2;9,7;12,9;15,0;10,1;8,2;9,7;11,4;9,4;7,5;12,2;13,7;8,2;8,4;8,8;9,6;8,0;11,1;9,7;7,9;8,6;15,4;10,9;6,9;10,9;15,3;7,6;8,7;9,3;9,2;6,3;8,4;8,8;9,7;7,6;10,1;7,2;8,5;10,2;5,9;8,6;8,9;8,9;8,6;5,5;8,8;8,5;9,1;8,8;10,0;13,5;9,3;8,2;13,8;8,3;9,0;10,9;14,7;6,2;5,9;8,9;8,4;8,7;8,7;8,7;7,1;9,7;12,2;7,6;6,6;7,9;11,9;9,8;9,4;12,6;7,5;8,5;7,9;9,3;9,1;8,8;7,0;8,0;13,1;8,9;9,0;13,9
1998;3;6,0;6,0;11,9;10,4;10,5;8,9;11,1;10,1;12,9;10,1;9,7;12,8;14,8;10,1;8,3;9,7;11,4;9,4;7,6;12,2;13,6;8,2;8,4;8,7;9,6;8,0;11,3;9,6;8,0;8,7;15,4;10,8;7,0;10,9;15,2;7,5;8,6;9,3;9,1;6,1;8,4;8,7;9,7;7,5;10,2;7,2;8,4;10,2;6,0;8,5;9,0;9,0;8,6;5,4;8,7;8,3;9,1;8,7;9,8;13,4;9,2;8,2;13,8;8,4;9,0;10,8;14,7;6,1;5,9;9,0;8,4;8,7;8,8;8,6;7,0;9,6;12,1;7,6;6,6;7,9;11,9;9,7;9,3;12,5;7,5;8,4;7,8;9,3;8,8;9,0;7,0;8,0;13,1;8,9;9,0;13,8
1998;2;6,1;6,1;12,0;10,5;10,5;8,8;11,3;10,0;13,0;10,0;9,8;12,7;14,9;10,2;8,4;9,6;11,4;9,7;7,6;12,4;13,6;8,2;8,5;8,7;9,6;8,2;11,2;9,7;8,1;8,7;15,4;10,9;7,0;11,0;15,2;7,7;8,6;9,4;9,1;6,2;8,5;8,7;10,1;7,4;10,4;7,3;8,5;10,2;6,1;8,6;9,2;9,1;8,6;5,3;8,8;8,2;9,2;8,9;9,8;13,5;9,2;8,2;14,0;8,5;9,2;10,9;14,8;6,2;6,1;9,1;8,5;8,8;8,9;8,6;7,1;9,7;12,2;7,7;6,7;8,0;11,9;9,8;9,3;12,5;7,5;8,5;7,8;9,4;8,8;9,3;7,1;8,2;13,2;9,0;9,1;14,0
1998;1;6,1;6,3;12,1;10,6;10,5;8,7;11,4;9,8;13,3;10,2;9,9;12,5;15,0;10,5;8,6;9,6;11,5;9,9;7,6;12,6;13,8;8,4;8,6;8,7;9,6;8,4;11,1;9,9;8,2;8,7;15,3;10,9;7,1;11,1;15,3;7,8;8,6;9,6;9,3;6,3;8,5;8,7;10,5;7,4;10,5;7,4;8,6;10,2;6,1;8,8;9,3;9,3;8,8;5,5;8,9;8,3;9,3;9,1;9,9;13,7;9,4;8,2;14,2;8,7;9,2;10,9;14,7;6,3;6,3;9,2;8,6;9,1;9,0;8,7;7,3;9,7;12,3;7,9;6,8;8,2;12,0;9,8;9,3;12,5;7,7;8,6;7,9;9,5;9,0;9,5;7,1;8,3;13,2;9,1;9,3;14,2
1997;4;6,2;6,6;12,3;10,9;10,5;8,7;11,5;10,1;13,8;10,3;10,2;12,5;15,2;10,8;8,7;9,8;11,7;10,2;7,7;13,1;14,3;8,6;8,8;8,8;9,7;8,5;11,4;10,2;8,4;8,8;15,3;11,0;7,0;11,3;15,6;7,9;8,7;9,8;9,5;6,5;8,6;8,8;10,9;7,5;10,6;7,7;8,5;10,3;6,1;9,0;9,4;9,5;9,1;5,8;9,0;8,4;9,5;9,3;10,0;13,9;9,6;8,5;14,4;8,9;9,3;10,8;14,7;6,5;6,5;9,4;8,8;9,4;9,3;8,9;7,5;9,8;12,6;8,1;7,0;8,3;12,1;9,9;9,4;12,7;8,0;8,8;8,1;9,7;9,2;9,7;7,3;8,4;13,3;9,2;9,5;14,4
1997;3;6,2;6,6;12,4;11,2;10,5;8,7;11,7;10,1;14,1;10,4;10,6;12,6;15,4;11,0;9,0;9,8;11,7;10,4;7,7;13,4;14,6;8,8;8,9;8,9;9,7;8,7;11,5;10,5;8,5;8,9;15,4;11,1;7,0;11,5;15,8;8,1;9,0;10,0;9,6;6,7;8,5;9,0;11,2;7,7;10,9;7,9;8,6;10,2;6,1;9,2;9,5;9,8;9,4;5,9;9,1;8,5;9,6;9,5;10,1;14,0;9,7;8,6;14,5;9,1;9,3;10,9;14,7;6,6;6,7;9,5;9,0;9,6;9,5;8,9;7,6;9,8;12,7;8,3;7,2;8,4;12,0;9,8;9,2;12,8;8,3;8,9;8,1;9,7;9,5;9,7;7,4;8,6;13,3;9,2;9,7;14,5
1997;2;6,3;6,7;12,4;11,3;10,4;8,6;11,8;10,2;14,3;10,4;10,8;12,6;15,4;11,0;9,0;10,0;11,8;10,6;7,8;13,3;14,3;8,9;9,0;8,9;9,7;8,8;11,6;10,7;8,7;8,9;15,3;11,1;7,0;11,6;15,8;8,2;9,2;10,1;9,6;6,7;8,4;9,1;11,4;7,8;11,0;8,1;8,6;10,1;5,8;9,3;9,5;10,0;9,7;6,1;9,1;8,5;9,6;9,5;10,2;14,2;9,7;8,7;14,5;9,3;9,4;10,7;14,6;6,7;6,7;9,8;9,1;9,8;9,5;9,1;7,8;9,9;12,8;8,3;7,2;8,4;12,0;9,7;9,2;12,7;8,4;9,0;8,2;9,7;9,6;9,8;7,5;8,6;13,3;9,2;9,8;14,5
1997;1;6,4;6,8;12,2;11,3;10,2;8,3;11,7;10,6;14,2;10,3;10,6;12,5;15,2;10,9;8,9;10,2;11,7;10,7;7,7;13,2;13,7;8,9;9,0;8,8;9,6;8,8;11,9;10,9;8,9;8,8;15,3;11,1;6,9;11,6;15,5;8,2;9,2;10,1;9,8;6,7;8,5;9,2;11,5;7,8;11,1;8,2;8,6;10,1;5,7;9,4;9,5;10,0;9,7;6,3;9,1;8,4;9,6;9,4;10,0;14,2;9,7;8,9;14,3;9,3;9,4;10,6;14,5;6,7;6,7;10,1;9,1;9,7;9,5;9,3;7,9;9,9;12,8;8,2;7,2;8,4;12,0;9,6;9,2;12,6;8,4;8,9;8,2;9,7;9,5;9,7;7,5;8,5;13,2;9,1;9,7;14,2
1996;4;6,3;6,8;12,1;11,3;10,0;8,0;11,7;10,6;14,0;10,2;10,5;12,3;14,9;10,9;8,8;10,0;11,7;10,5;7,6;13,4;13,6;8,7;8,9;8,7;9,5;8,5;11,9;10,9;8,9;8,8;15,1;10,9;6,8;11,5;15,2;8,1;9,1;10,0;9,8;6,5;8,5;9,2;11,6;7,7;11,0;8,2;8,5;9,9;5,7;9,3;9,4;9,9;9,6;6,3;8,9;8,3;9,4;9,2;9,9;14,1;9,7;8,6;14,1;9,2;9,4;10,5;14,4;6,7;6,6;10,1;9,0;9,6;9,4;9,0;7,8;9,9;12,7;8,0;7,1;8,3;11,9;9,4;9,1;12,4;8,4;8,8;8,0;9,6;9,3;9,5;7,4;8,4;13,1;8,9;9,5;14,0
1996;3;6,3;6,9;12,0;11,3;9,9;8,0;11,8;10,6;13,9;10,2;10,7;12,1;14,8;10,9;8,6;10,0;11,9;10,3;7,7;13,7;13,7;8,7;9,0;8,6;9,5;8,3;11,9;10,9;8,7;8,8;15,0;10,8;6,8;11,5;15,1;8,1;8,9;9,9;9,8;6,3;8,6;9,0;11,7;7,8;11,0;8,1;8,5;9,9;5,8;9,2;9,3;9,9;9,7;6,2;8,8;8,3;9,5;9,2;9,9;14,0;9,6;8,5;14,1;9,1;9,4;10,6;14,6;6,6;6,4;10,1;8,9;9,6;9,4;8,9;7,8;9,9;12,7;8,0;7,1;8,1;11,8;9,6;9,1;12,3;8,4;8,7;8,1;9,5;9,3;9,6;7,4;8,4;13,0;8,8;9,5;14,0
1996;2;6,3;7,0;11,9;11,3;9,8;8,1;11,8;10,6;13,7;10,2;10,6;12,0;14,8;10,8;8,6;10,0;12,0;10,1;7,7;13,3;13,5;8,8;9,0;8,7;9,4;8,2;12,0;10,8;8,5;8,9;15,0;10,7;6,8;11,5;15,2;8,3;8,8;9,9;9,8;6,1;8,8;8,9;11,6;8,1;11,1;8,1;8,5;10,0;5,7;9,3;9,3;9,8;9,6;6,2;8,8;8,3;9,6;9,1;9,7;13,9;9,5;8,5;14,1;9,1;9,4;10,6;14,6;6,5;6,2;10,1;8,8;9,7;9,5;9,1;8,0;9,9;12,7;8,0;7,1;8,0;11,7;9,7;9,2;12,3;8,5;8,6;8,2;9,5;9,3;9,4;7,3;8,5;13,1;8,8;9,5;14,0
1996;1;6,0;6,8;11,6;11,0;9,5;7,8;11,5;10,2;13,1;9,8;10,4;11,8;14,3;10,6;8,4;9,7;11,8;9,7;7,5;12,4;12,9;8,6;8,7;8,5;9,2;7,9;11,7;10,5;8,2;8,6;14,6;10,4;6,5;11,3;15,0;8,1;8,6;9,7;9,6;5,8;8,6;8,7;11,2;8,0;10,7;7,9;8,2;9,9;5,7;9,2;9,0;9,7;9,3;6,0;8,5;8,0;9,4;8,8;9,5;13,5;9,2;8,2;13,7;8,9;9,3;10,5;14,4;6,3;5,9;9,8;8,7;9,5;9,4;8,9;7,8;9,7;12,3;7,9;6,9;7,7;11,5;9,5;8,9;12,0;8,3;8,4;8,0;9,3;9,2;9,1;7,2;8,4;12,8;8,7;9,2;13,7
1995;4;5,7;6,6;11,3;10,5;9,3;7,4;11,1;9,7;12,6;9,6;10,3;11,3;14,0;10,0;8,1;9,2;11,5;9,2;7,2;11,7;12,4;8,4;8,4;8,1;8,9;7,5;11,3;10,0;7,7;8,3;14,2;10,0;6,4;10,9;14,5;7,7;8,1;9,3;9,3;5,5;8,2;8,3;10,9;7,5;10,2;7,6;7,8;9,5;5,4;8,9;8,5;9,5;9,1;5,7;8,2;7,5;8,9;8,5;9,1;13,0;8,8;7,6;13,2;8,5;9,0;10,1;14,0;6,1;5,8;9,5;8,3;9,2;9,2;8,6;7,5;9,5;11,8;7,5;6,7;7,5;11,1;9,1;8,5;11,6;7,9;8,0;7,7;9,0;9,0;8,8;6,9;8,2;12,3;8,4;9,0;13,3
1995;3;5,7;6,6;11,2;10,2;9,0;7,4;11,0;9,4;12,2;9,6;10,2;11,0;13,9;9,4;7,8;9,1;11,4;9,0;7,1;11,4;12,0;8,4;8,4;8,0;8,7;7,3;11,1;9,7;7,4;8,3;14,0;9,9;6,5;10,8;14,3;7,6;8,0;9,2;9,3;5,4;8,2;8,2;10,7;7,3;10,2;7,5;7,7;9,5;5,0;8,9;8,2;9,4;8,8;5,5;8,2;7,4;8,9;8,5;8,9;12,9;8,7;7,2;13,0;8,3;8,8;9,9;13,7;6,1;5,9;9,4;8,0;9,3;9,1;8,6;7,4;9,4;11,6;7,5;6,6;7,7;10,9;8,9;8,5;11,5;7,8;8,0;7,7;8,8;8,8;8,7;6,9;8,2;12,1;8,3;8,9;13,2
1995;2;5,8;6,7;11,4;10,4;9,1;7,3;11,1;9,4;12,1;9,7;10,2;11,0;14,0;9,7;8,1;9,2;11,6;9,3;7,3;11,6;11,8;8,5;8,7;8,1;8,9;7,5;11,2;9,9;7,7;8,6;14,1;9,9;6,6;11,0;14,5;7,7;8,1;9,4;9,6;5,7;8,2;8,5;11,0;7,5;10,5;7,8;7,8;9,8;5,0;9,2;8,4;9,4;8,8;5,6;8,4;7,6;9,1;8,7;8,9;13,1;8,8;7,3;13,2;8,5;8,8;10,1;14,0;6,2;6,0;9,6;8,1;9,6;9,4;8,7;7,5;9,5;11,8;7,7;6,8;8,2;11,2;8,9;8,8;11,8;7,9;8,3;7,8;9,0;9,1;8,9;6,9;8,3;12,2;8,5;9,1;13,6
1995;1;5,9;6,9;11,7;10,7;9,5;7,6;11,3;9,7;12,3;10,0;10,2;11,0;14,4;10,0;8,5;9,4;11,8;9,5;7,4;11,8;11,9;8,7;8,8;8,3;9,0;7,7;11,5;10,1;8,1;8,7;14,2;10,1;6,7;11,1;14,7;7,9;8,4;9,7;9,9;6,0;8,1;8,9;11,3;7,7;10,7;8,0;7,9;9,9;5,3;9,5;8,6;9,5;9,2;5,9;8,6;7,9;9,2;9,0;9,1;13,4;9,0;7,5;13,6;8,8;8,9;10,4;14,1;6,3;6,2;9,9;8,2;9,9;9,7;9,0;7,8;9,5;12,0;7,8;6,9;8,7;11,5;9,1;9,1;12,2;8,1;8,6;8,0;9,2;9,3;9,2;7,0;8,5;12,2;8,7;9,3;13,7
1994;4;6,0;7,1;11,9;11,0;9,6;7,8;11,3;10,0;12,6;10,0;10,3;11,1;14,5;10,2;8,6;9,6;12,1;9,7;7,6;11,7;12,2;8,8;9,0;8,6;9,2;8,0;11,8;10,3;8,4;8,8;14,4;10,2;6,9;11,2;14,9;8,0;8,8;9,8;10,1;6,2;8,1;9,2;11,5;7,8;11,0;8,2;8,0;10,0;5,4;9,6;8,8;9,5;9,4;6,2;8,7;8,1;9,3;9,2;9,5;13,5;9,2;7,8;13,8;9,0;9,1;10,5;14,2;6,4;6,3;10,1;8,4;10,2;9,9;9,2;8,2;9,7;12,1;7,9;7,1;8,9;11,8;9,2;9,4;12,2;8,2;8,8;8,1;9,3;9,6;9,3;7,0;8,6;12,4;8,8;9,4;13,6
1994;3;6,0;7,4;12,1;11,3;9,7;7,8;11,4;10,3;13,0;10,2;10,7;11,4;14,7;10,5;9,0;9,7;12,4;9,9;8,0;11,8;12,4;9,0;9,2;8,9;9,5;8,4;12,2;10,5;8,8;8,9;14,6;10,3;7,1;11,3;15,2;8,2;9,2;10,0;10,5;6,5;8,4;9,5;11,9;8,0;11,3;8,4;8,0;10,3;5,6;9,9;9,0;9,8;9,8;6,5;8,9;8,4;9,4;9,6;9,9;13,8;9,5;8,2;14,3;9,2;9,3;10,7;14,5;6,7;6,5;10,3;8,8;10,4;10,2;9,5;8,6;9,8;12,3;8,1;7,3;9,1;12,2;9,4;9,7;12,3;8,5;9,0;8,2;9,6;10,0;9,7;7,2;8,7;12,5;9,0;9,5;14,0
1994;2;6,1;7,6;12,2;11,5;9,8;7,9;11,6;10,6;13,4;10,4;10,9;11,5;14,7;10,6;9,3;9,8;12,6;9,9;8,3;11,7;12,6;9,1;9,3;9,0;9,7;8,6;12,4;10,6;9,1;9,0;14,7;10,5;7,2;11,4;15,2;8,4;9,2;10,2;10,7;6,8;8,5;9,6;12,2;7,9;11,5;8,5;8,1;10,5;5,5;10,0;9,1;10,0;10,0;6,7;9,0;8,5;9,5;9,8;10,2;13,9;9,7;8,3;14,5;9,3;9,4;10,8;14,5;6,9;6,8;10,5;9,2;10,5;10,5;9,7;8,8;10,0;12,4;8,1;7,4;9,4;12,3;9,6;9,7;12,4;8,6;9,2;8,3;9,7;10,3;9,9;7,4;8,9;12,6;9,2;9,6;14,1
1994;1;6,0;7,6;12,0;11,5;9,6;7,8;11,6;10,6;13,2;10,2;10,6;11,4;14,4;10,4;9,4;9,7;12,5;9,8;8,4;11,5;12,6;8,9;9,2;8,8;9,6;8,7;12,4;10,5;9,0;9,0;14,5;10,4;7,1;11,3;15,0;8,4;9,1;10,1;10,7;6,8;8,5;9,4;12,1;7,7;11,5;8,4;8,0;10,5;5,4;9,9;8,9;9,8;9,8;6,7;8,9;8,3;9,4;9,6;10,1;13,8;9,6;8,3;14,3;9,1;9,4;10,7;14,2;6,8;6,7;10,5;9,0;10,5;10,4;9,6;8,9;10,1;12,4;7,8;7,3;9,3;12,1;9,5;9,6;12,2;8,5;9,2;8,1;9,6;10,1;9,8;7,4;8,9;12,6;9,2;9,6;13,9
1993;4;5,9;7,4;11,6;11,1;9,4;7,7;11,3;10,4;13,0;9,9;10,4;11,2;14,2;10,2;9,3;9,5;12,2;9,6;8,2;11,2;12,6;8,6;8,9;8,6;9,4;8,6;12,1;10,3;8,8;8,7;14,2;10,1;7,0;11,1;14,6;8,2;8,9;10,0;10,5;6,6;8,3;9,1;11,8;7,4;11,4;8,2;7,8;10,3;5,3;9,7;8,5;9,5;9,5;6,5;8,7;8,1;9,2;9,3;9,8;13,4;9,1;8,1;13,8;8,8;9,2;10,6;13,8;6,7;6,5;10,3;8,7;10,2;10,1;9,3;8,8;10,1;12,1;7,6;7,2;9,1;12,0;9,2;9,5;12,0;8,4;9,0;7,9;9,4;9,9;9,7;7,3;8,7;12,3;9,0;9,3;13,6
1993;3;5,8;7,2;11,1;10,8;9,3;7,6;11,0;10,0;12,7;9,6;10,0;11,0;14,0;10,0;9,1;9,3;11,8;9,3;8,0;10,8;12,7;8,4;8,7;8,4;9,2;8,5;11,7;9,9;8,5;8,5;13,9;9,9;7,0;10,8;14,2;8,0;8,7;9,7;10,3;6,5;8,1;8,9;11,7;7,1;11,1;8,0;7,7;10,1;5,3;9,5;8,2;9,3;9,3;6,4;8,4;7,8;9,1;9,0;9,5;13,1;8,7;7,8;13,3;8,6;9,0;10,5;13,5;6,5;6,3;10,0;8,4;10,0;9,8;8,9;8,6;9,9;11,8;7,2;6,9;8,8;11,9;8,9;9,4;12,0;8,3;8,8;7,7;9,3;9,5;9,4;7,1;8,4;11,8;8,8;8,9;13,2
1993;2;5,7;7,0;10,6;10,5;9,2;7,5;10,6;9,7;12,4;9,2;9,7;10,7;13,6;9,7;8,7;9,1;11,5;8,8;7,8;10,5;12,5;8,2;8,6;8,2;8,9;8,2;11,3;9,4;8,2;8,4;13,8;9,7;6,9;10,6;14,0;7,9;8,4;9,3;10,0;6,3;7,9;8,5;11,4;6,9;10,9;7,7;7,6;9,9;5,1;9,2;8,0;8,9;8,8;6,1;8,2;7,4;9,0;8,6;9,1;12,6;8,3;7,5;12,8;8,4;8,8;10,4;13,3;6,1;6,0;9,6;8,2;9,6;9,5;8,5;8,3;9,8;11,3;6,8;6,5;8,5;11,5;8,5;9,1;11,9;8,1;8,6;7,5;9,0;9,1;9,1;6,8;8,0;11,4;8,4;8,5;13,0
1993;1;5,6;6,6;10,0;10,3;9,0;7,3;10,2;9,4;11,9;8,9;9,3;10,7;13,3;9,3;8,5;9,0;11,3;8,4;7,7;10,2;12,2;8,0;8,4;8,1;8,8;7,8;10,9;8,9;7,8;8,2;13,6;9,5;6,8;10,4;13,7;7,7;8,2;9,0;9,6;6,0;7,7;8,1;11,0;6,6;10,7;7,3;7,4;9,7;5,2;8,9;7,9;8,6;8,4;5,8;8,0;7,2;8,8;8,3;8,8;12,0;7,8;7,1;12,2;8,2;8,6;10,3;13,2;5,8;5,7;9,3;8,1;9,1;9,3;8,1;7,8;9,7;10,9;6,4;6,1;8,4;11,1;8,2;8,7;11,7;7,7;8,4;7,4;8,7;8,7;8,8;6,4;7,7;11,0;7,9;8,0;12,6
1992;4;5,6;6,3;9,7;10,4;8,7;7,1;9,7;9,2;11,4;8,8;8,9;10,8;13,0;9,1;8,6;9,1;11,2;8,3;7,6;9,9;11,8;7,9;8,3;8,1;8,8;7,7;10,6;8,7;7,5;8,2;13,4;9,3;6,6;10,2;13,4;7,6;8,0;8,7;9,3;5,8;7,4;7,8;10,8;6,7;10,5;7,1;7,3;9,5;5,3;8,6;7,9;8,4;8,0;5,6;7,8;7,1;8,7;8,0;8,5;11,8;7,5;7,0;11,9;8,2;8,4;10,3;13,0;5,6;5,4;8,9;8,0;8,9;9,2;7,8;7,3;9,6;10,8;6,1;5,7;8,3;10,9;8,1;8,4;11,4;7,4;8,4;7,3;8,5;8,4;8,4;6,1;7,2;10,4;7,5;7,5;12,3
1992;3;5,6;6,0;9,6;10,5;8,5;7,2;9,5;9,1;11,1;8,7;8,8;11,1;12,8;8,9;8,8;9,2;11,2;8,3;7,6;9,6;11,4;7,7;8,2;8,0;8,6;7,6;10,4;8,7;7,2;8,1;13,2;9,1;6,5;10,1;13,3;7,5;7,9;8,5;8,9;5,5;7,3;7,5;10,6;6,8;10,4;6,9;7,2;9,3;5,3;8,6;7,9;8,1;7,8;5,6;7,6;7,0;8,6;7,9;8,4;11,6;7,3;7,0;11,9;8,2;8,4;10,4;12,9;5,4;5,2;8,6;8,0;8,7;9,1;7,6;6,9;9,6;10,8;5,9;5,4;8,3;10,7;8,2;8,2;11,0;7,3;8,4;7,3;8,4;8,1;8,3;5,7;6,9;9,8;7,1;7,2;12,1
1992;2;5,5;5,6;9,5;10,6;8,4;7,2;9,2;9,0;10,8;8,4;8,7;11,4;12,4;8,7;8,9;9,2;11,1;8,4;7,7;9,5;11,2;7,6;8,1;7,9;8,4;7,4;10,1;8,5;6,9;8,1;13,0;8,8;6,3;9,8;13,0;7,3;7,8;8,3;8,6;5,1;7,2;7,3;10,2;7,1;10,2;6,7;7,0;9,1;5,3;8,6;7,7;8,0;7,7;5,6;7,3;6,9;8,6;7,6;8,2;11,4;7,2;7,0;11,7;8,2;8,3;10,4;12,6;5,2;5,0;8,1;8,0;8,4;9,0;7,1;6,4;9,5;10,8;5,7;5,2;8,3;10,4;8,2;8,3;10,5;7,3;8,2;7,2;8,2;7,7;8,2;5,3;6,6;9,3;6,8;7,0;11,7
1992;1;5,3;5,3;9,4;10,7;8,1;7,0;8,9;8,7;10,7;8,1;8,6;11,2;12,1;8,6;8,8;9,1;10,9;8,3;7,6;9,7;11,5;7,4;8,0;7,8;8,4;7,1;9,8;8,3;6,7;8,0;12,7;8,4;6,1;9,5;12,6;7,2;7,7;8,1;8,3;4,9;6,9;7,0;9,9;7,3;9,9;6,6;7,0;9,0;5,2;8,4;7,5;7,8;7,6;5,5;7,1;6,7;8,6;7,4;8,0;11,3;7,1;7,0;11,4;8,1;8,1;10,2;12,4;5,1;4,7;7,7;7,9;8,1;8,9;6,6;6,1;9,4;10,6;5,5;5,0;8,1;10,3;8,1;8,2;10,2;7,1;8,1;7,1;8,1;7,4;8,0;5,0;6,3;9,0;6,6;6,7;11,4
1991;4;5,3;5,0;9,1;10,6;7,7;6,6;8,6;8,5;10,5;8,0;8,5;11,0;11,7;8,5;8,5;8,9;10,5;8,0;7,4;9,7;11,4;7,1;7,8;7,7;8,3;6,8;9,3;8,0;6,4;7,9;12,3;8,1;5,8;9,1;12,3;7,1;7,4;7,8;7,9;4,6;6,6;6,6;9,5;7,2;9,5;6,3;6,9;8,7;4,9;8,0;7,3;7,6;7,4;5,4;6,9;6,5;8,5;7,3;7,7;11,0;6,7;6,8;11,2;8,0;7,9;9,8;12,1;4,9;4,5;7,2;7,8;7,7;8,5;6,1;5,7;9,6;10,4;5,4;4,7;7,8;10,1;7,9;8,1;9,8;6,9;7,8;6,8;8,0;7,1;7,8;4,8;6,0;9,0;6,5;6,5;11,0
1991;3;5,3;4,7;8,8;10,5;7,4;6,4;8,4;8,3;10,4;7,9;8,1;10,8;11,3;8,3;8,3;8,6;10,3;7,6;7,2;9,9;11,6;6,9;7,7;7,5;8,1;6,6;9,0;7,8;6,2;7,9;12,1;7,9;5,7;8,8;12,0;7,0;7,1;7,5;7,6;4,5;6,4;6,4;9,2;7,1;9,3;6,1;6,8;8,4;4,8;7,7;7,1;7,4;7,2;5,3;6,8;6,4;8,5;7,2;7,5;10,7;6,6;6,7;11,0;7,7;7,7;9,6;12,0;4,8;4,3;6,9;7,6;7,5;8,3;5,9;5,4;9,5;10,2;5,2;4,6;7,8;10,1;7,7;7,9;9,6;6,7;7,6;6,6;8,0;6,9;7,6;4,6;5,8;8,9;6,3;6,3;10,6
1991;2;5,3;4,4;8,5;10,3;7,1;6,0;8,2;8,1;10,2;7,7;7,7;10,6;11,0;8,1;8,1;8,3;10,1;7,2;7,2;10,1;11,5;6,7;7,5;7,4;7,9;6,5;8,7;7,6;6,0;7,7;11,7;7,6;5,5;8,4;11,7;6,8;6,8;7,2;7,2;4,4;6,3;6,2;8,8;7,1;9,1;5,9;6,6;8,1;4,8;7,5;6,9;7,3;6,9;5,2;6,6;6,3;8,4;7,0;7,3;10,5;6,3;6,5;10,8;7,5;7,5;9,5;11,9;4,6;4,1;6,6;7,4;7,3;8,0;5,6;5,0;9,2;9,9;5,0;4,4;7,4;9,8;7,6;7,4;9,2;6,6;7,4;6,3;7,9;6,8;7,4;4,4;5,6;8,5;6,1;6,0;10,3
1991;1;5,3;4,3;8,4;10,2;7,0;5,7;7,9;7,9;10,0;7,5;7,6;10,5;10,9;8,0;8,0;8,1;9,9;7,0;7,2;9,7;11,1;6,5;7,5;7,4;7,8;6,3;8,4;7,3;5,8;7,6;11,5;7,3;5,4;8,3;11,6;6,7;6,7;7,1;6,9;4,2;6,2;6,0;8,6;7,0;9,0;5,8;6,6;7,9;4,8;7,3;6,8;7,3;6,6;5,1;6,6;6,4;8,3;6,9;7,3;10,5;6,2;6,5;11,0;7,4;7,5;9,6;11,7;4,5;4,1;6,4;7,4;7,1;7,9;5,6;4,8;8,9;9,8;4,9;4,2;7,3;9,6;7,6;7,1;9,1;6,4;7,3;6,2;7,7;6,7;7,3;4,3;5,5;8,1;5,9;5,7;10,3
1990;4;5,3;4,2;8,8;10,3;7,2;5,9;7,8;7,9;10,0;7,4;7,6;10,6;10,9;8,1;8,3;8,2;10,1;7,0;7,1;9,6;10,9;6,4;7,8;7,5;7,8;6,2;8,4;7,2;5,8;7,7;11,5;7,3;5,4;8,3;11,6;6,7;6,8;7,2;6,9;4,2;6,2;6,1;8,7;6,9;9,0;5,8;6,7;8,0;4,9;7,5;6,9;7,3;6,5;5,0;6,7;6,6;8,3;7,0;7,3;10,9;6,4;6,5;11,3;7,5;7,6;9,7;11,8;4,6;4,2;6,4;7,4;7,2;7,9;5,8;4,6;8,7;9,8;5,0;4,2;7,7;9,9;7,7;7,0;9,4;6,3;7,3;6,1;7,7;6,7;7,3;4,2;5,5;7,9;5,9;5,7;10,1
1990;3;5,4;4,0;8,9;10,3;7,3;6,0;7,6;7,9;9,9;7,5;7,6;10,5;10,9;8,2;8,5;8,2;10,2;7,0;7,1;9,3;10,4;6,4;8,0;7,6;7,9;6,0;8,2;7,1;5,8;7,8;11,3;7,3;5,5;8,3;11,4;6,9;6,9;7,3;6,7;4,1;6,1;6,1;8,5;7,0;9,2;5,8;6,9;8,0;5,1;7,8;6,9;7,5;6,5;5,2;6,9;6,7;8,6;7,2;7,2;11,0;6,5;6,6;11,4;7,5;7,6;9,7;11,6;4,8;4,3;6,2;7,3;7,3;8,1;5,8;4,4;8,7;9,9;5,1;4,2;7,8;9,9;7,6;6,9;9,3;6,5;7,3;6,1;7,8;6,7;7,4;4,2;5,6;8,0;6,0;5,8;10,0
1990;2;5,5;4,0;9,0;10,3;7,2;6,2;7,7;7,9;9,9;7,8;7,6;10,4;10,9;8,3;8,4;8,1;10,1;7,0;7,0;9,2;10,4;6,5;8,0;7,7;8,0;5,9;8,2;7,1;5,8;7,8;11,4;7,6;5,5;8,4;11,4;6,8;7,0;7,3;6,7;4,1;6,2;6,0;8,5;7,1;9,2;5,7;7,2;8,1;5,3;7,8;7,0;7,6;6,5;5,1;7,0;7,0;8,7;7,4;7,4;11,1;6,5;6,7;11,4;7,4;7,9;10,1;11,7;4,9;4,4;6,2;7,5;7,4;8,1;5,7;4,4;8,6;10,0;5,2;4,2;7,9;9,9;7,6;6,9;9,1;6,6;7,4;6,2;8,1;6,7;7,4;4,3;5,6;8,2;5,9;5,8;10,0
1990;1;5,5;4,0;9,2;10,0;7,0;6,5;7,5;7,7;9,8;7,7;7,7;10,3;10,7;8,5;8,5;8,2;10,1;7,0;6,9;9,0;10,3;6,7;7,9;7,9;8,1;6,1;8,4;7,4;6,0;7,9;11,2;7,9;5,6;8,7;11,4;6,8;7,2;7,5;6,5;4,3;6,4;6,2;8,3;6,9;9,4;6,1;7,4;8,4;5,0;8,0;7,2;7,6;6,7;4,9;7,2;7,3;8,7;7,4;7,6;10,9;6,6;6,9;11,0;7,4;8,2;9,9;11,7;4,9;4,3;6,1;7,4;7,6;8,2;5,6;4,4;8,4;10,1;5,4;4,3;8,0;9,8;7,5;7,0;8,7;6,6;7,7;6,3;8,4;6,9;7,4;4,4;5,6;8,3;5,9;5,9;9,9
1989;4;5,4;4,1;9,3;9,9;6,7;6,7;7,3;7,5;9,7;7,4;7,8;9,9;10,6;8,6;8,5;8,4;10,1;6,9;6,7;8,7;9,8;6,9;8,2;8,0;8,1;6,4;8,3;7,6;6,2;8,1;10,8;8,0;5,7;8,9;11,2;7,1;7,2;7,7;6,2;4,5;6,6;6,4;8,1;6,8;9,8;6,5;7,5;8,7;4,8;8,4;7,2;7,8;6,9;4,8;7,3;7,6;8,9;7,3;7,5;10,7;6,8;7,1;10,7;7,4;8,3;9,5;11,2;4,9;4,3;6,1;7,4;7,6;8,4;5,4;4,4;8,2;10,2;5,5;4,4;8,1;9,7;7,4;6,9;8,4;6,8;8,0;6,3;8,4;7,0;7,5;4,7;5,7;8,4;6,0;6,1;9,9
1989;3;5,4;4,3;9,4;9,9;6,6;6,8;7,5;7,6;9,8;7,2;7,9;9,9;10,6;8,6;8,5;8,4;10,2;7,0;6,7;8,6;9,9;7,1;8,3;8,1;8,1;6,7;8,5;7,7;6,2;8,2;11,0;8,1;5,8;8,9;11,3;7,1;7,2;7,7;6,4;4,6;6,7;6,4;8,3;7,0;9,8;6,6;7,5;8,6;4,8;8,6;7,2;8,0;7,1;4,8;7,4;7,7;8,9;7,6;7,7;10,7;6,9;7,1;10,8;7,5;8,4;9,6;11,2;5,1;4,4;6,2;7,7;7,7;8,4;5,5;4,5;8,2;10,3;5,7;4,5;8,3;9,6;7,5;6,9;8,5;6,9;8,0;6,3;8,4;7,1;7,8;4,8;5,8;8,4;6,1;6,3;10,0
1989;2;5,4;4,4;9,6;10,0;6,6;6,8;7,6;7,7;10,0;7,1;8,0;9,8;10,7;8,7;8,6;8,6;10,4;7,1;6,8;8,8;10,2;7,3;8,4;8,1;8,2;6,9;8,6;7,8;6,2;8,3;11,1;8,1;5,6;9,0;11,1;7,3;7,3;7,7;6,5;4,6;6,9;6,5;8,4;7,1;9,9;6,8;7,6;8,4;4,8;8,8;7,3;8,1;7,2;5,0;7,6;7,8;8,9;7,8;7,8;10,7;7,1;7,1;11,0;7,5;8,6;9,5;11,3;5,3;4,6;6,3;7,9;7,8;8,5;5,6;4,5;8,2;10,5;5,8;4,5;8,3;9,6;7,6;6,9;8,6;6,9;8,1;6,3;8,5;7,2;8,1;4,9;6,0;8,5;6,3;6,5;10,0
1989;1;5,6;4,5;9,9;10,1;6,8;6,7;7,7;7,7;10,4;6,9;8,3;9,7;10,8;9,0;8,6;8,6;10,5;7,2;6,9;8,8;9,8;7,4;8,5;8,1;8,2;7,2;8,6;8,0;6,4;8,4;11,1;8,1;5,7;9,2;11,1;7,6;7,5;7,9;6,5;4,9;7,1;6,7;8,7;7,1;10,1;7,0;7,8;8,1;4,9;8,9;7,5;8,3;7,4;5,2;7,8;7,9;9,0;8,1;8,1;10,9;7,4;7,4;11,1;7,6;8,8;9,6;11,4;5,6;4,8;6,4;8,2;8,0;8,7;5,6;4,6;8,3;10,8;5,9;4,6;8,5;9,9;7,6;7,0;8,8;7,1;8,2;6,3;8,6;7,4;8,5;5,0;6,2;8,7;6,5;6,7;10,1
1988;4;5,7;4,7;10,2;10,3;6,7;6,5;8,0;8,0;10,8;7,0;8,5;9,7;11,0;9,3;8,8;8,7;10,7;7,3;7,1;8,7;9,9;7,6;8,5;8,2;8,3;7,6;8,7;8,2;6,6;8,5;11,5;8,2;5,9;9,4;11,4;7,7;7,8;8,2;6,7;5,2;7,2;7,2;9,0;7,3;10,4;7,2;8,0;8,1;5,1;9,1;7,5;8,6;7,8;5,4;8,1;8,1;9,2;8,4;8,5;11,0;7,6;7,7;11,4;7,8;9,0;9,8;11,6;5,8;5,0;6,5;8,6;8,3;8,9;5,7;4,8;8,5;11,2;6,1;4,8;8,6;10,1;7,7;7,0;9,0;7,4;8,4;6,4;8,8;7,6;8,8;5,2;6,4;9,0;6,7;7,0;10,3
1988;3;5,9;4,9;10,4;10,5;6,8;6,6;8,2;8,0;10,9;7,2;8,7;9,9;11,2;9,5;9,0;8,9;11,0;7,5;7,2;8,9;10,5;7,8;8,6;8,4;8,5;8,2;8,8;8,4;6,9;8,6;11,8;8,3;5,9;9,5;11,5;7,9;8,0;8,5;6,9;5,7;7,4;7,6;9,2;7,4;10,8;7,3;8,1;8,4;5,4;9,4;7,4;8,8;8,2;5,6;8,2;8,1;9,4;8,7;8,7;11,3;7,7;7,8;11,7;7,8;9,2;9,8;11,8;6,0;5,2;6,6;8,8;8,8;9,3;5,8;5,0;8,7;11,3;6,3;5,0;8,7;10,2;7,9;7,2;9,2;7,6;8,6;6,5;8,9;7,9;9,0;5,4;6,6;9,2;6,9;7,2;10,5
1988;2;6,0;4,9;10,4;10,5;6,8;6,6;8,3;8,0;11,0;7,3;8,7;9,9;11,1;9,6;8,8;8,9;11,0;7,5;7,3;8,9;10,5;7,7;8,6;8,5;8,6;8,4;8,6;8,5;6,9;8,6;11,6;8,3;5,9;9,5;11,4;7,9;7,9;8,6;7,0;6,0;7,4;7,4;9,2;7,3;10,9;7,3;8,1;8,5;5,4;9,5;7,4;8,7;8,4;5,6;8,2;8,1;9,4;8,7;8,6;11,4;7,6;8,0;11,7;7,7;9,3;9,7;11,7;6,0;5,3;6,6;8,8;9,0;9,5;5,8;5,2;8,5;11,4;6,2;5,0;8,7;10,2;7,9;7,4;9,0;7,8;8,6;6,6;9,0;8,0;9,2;5,5;6,6;9,1;6,9;7,2;10,3
1988;1;6,0;5,1;10,5;10,6;6,9;6,6;8,4;8,2;11,3;7,5;8,8;9,9;11,1;10,1;8,7;9,2;11,1;7,7;7,5;9,1;11,0;8,1;8,8;8,6;8,8;8,7;8,7;8,5;7,1;8,8;11,8;8,3;6,0;9,6;11,4;8,1;8,1;8,8;7,2;6,1;7,4;7,4;9,5;7,4;11,1;7,5;8,1;8,6;5,5;9,7;7,7;8,7;8,5;5,8;8,3;8,5;9,8;8,9;8,8;11,6;7,6;8,3;11,8;7,8;9,4;9,9;11,7;6,2;5,5;6,7;9,1;9,1;9,7;5,9;5,4;8,4;11,5;6,3;5,0;8,8;10,4;8,0;7,6;9,1;8,0;8,8;6,8;9,2;8,4;9,4;5,5;6,8;9,1;7,1;7,3;10,3
1987;4;6,0;5,1;10,5;10,6;6,9;6,6;8,5;8,3;11,3;7,5;8,8;9,9;11,1;10,4;8,8;9,2;11,2;7,7;7,6;9,3;11,4;8,4;9,1;8,5;8,8;8,7;8,6;8,8;7,6;8,8;11,9;8,2;6,1;9,7;11,4;8,2;8,4;8,7;7,2;6,0;7,3;7,4;9,6;7,4;11,2;7,6;7,9;8,7;5,6;9,8;8,2;8,9;8,5;5,8;8,3;8,9;10,2;8,9;8,9;11,6;7,7;9,0;11,7;7,8;9,4;9,7;11,7;6,3;5,5;6,8;9,3;9,1;9,8;6,0;5,5;8,3;11,7;6,4;5,1;8,7;10,5;7,8;7,7;9,3;8,2;9,0;7,0;9,4;8,6;9,5;5,6;6,9;9,2;7,2;7,3;10,6
1987;3;6,1;5,2;10,5;10,6;6,9;6,5;8,6;8,4;11,4;7,5;8,8;9,9;11,0;10,4;8,9;9,3;11,2;7,7;7,7;9,4;11,3;8,3;9,3;8,5;8,7;8,7;8,6;9,2;8,1;8,8;11,8;8,1;6,3;9,8;11,3;8,3;8,6;8,9;7,3;6,0;7,3;7,4;9,6;7,3;11,3;7,8;7,9;8,7;5,6;9,8;8,4;9,0;8,8;5,8;8,3;9,0;10,4;9,0;8,9;11,5;7,7;9,6;11,7;7,9;9,5;9,6;11,7;6,3;5,6;6,8;9,5;9,1;10,0;6,0;5,4;8,3;11,9;6,5;5,2;8,7;10,6;7,7;7,7;9,3;8,2;9,0;7,1;9,7;8,6;9,5;5,7;7,0;9,3;7,3;7,3;10,6
1987;2;6,3;5,3;10,6;11,0;7,0;6,6;8,7;8,6;11,5;7,6;8,8;10,0;11,0;10,4;9,1;9,5;11,3;8,0;7,8;9,4;11,4;8,3;9,4;8,5;9,0;8,7;8,6;9,4;8,2;8,9;12,0;8,2;6,4;9,9;11,6;8,6;8,7;9,2;7,4;6,1;7,5;7,6;9,9;7,4;11,4;7,9;8,1;8,9;5,7;9,9;8,5;9,1;9,1;6,0;8,3;8,8;10,5;9,1;8,9;11,6;7,7;9,6;11,8;8,1;9,7;9,8;11,8;6,5;5,8;6,8;9,7;9,1;10,1;6,0;5,4;8,3;11,9;6,6;5,2;8,9;10,8;7,8;7,8;9,6;8,3;9,2;7,2;9,7;8,6;9,4;5,8;7,0;9,3;7,3;7,2;10,7
1987;1;6,3;5,4;10,7;11,1;7,2;6,7;8,8;8,6;11,4;7,4;8,8;10,1;11,0;10,3;9,1;9,3;11,4;8,0;7,7;9,4;11,6;8,1;9,5;8,4;9,0;8,6;8,6;9,1;8,2;9,1;11,9;8,1;6,4;9,9;11,9;8,7;8,5;9,1;7,2;6,0;7,6;7,6;10,1;7,5;11,4;7,9;8,0;8,8;5,6;9,9;8,3;9,1;9,1;6,1;8,2;8,6;10,5;9,0;8,9;11,4;7,8;9,4;11,7;8,0;9,7;9,7;12,0;6,6;5,9;6,8;9,6;9,0;10,2;5,9;5,3;8,3;11,7;6,5;5,0;8,9;10,8;7,7;7,9;9,8;8,3;9,3;7,1;9,5;8,4;9,2;5,7;7,0;9,1;7,3;7,1;10,9
1986;4;6,2;5,4;10,7;10,7;7,4;6,7;8,8;8,5;11,2;7,1;8,6;10,0;10,8;10,2;9,0;9,2;11,3;8,0;7,7;9,4;11,6;7,9;9,4;8,2;8,9;8,3;8,6;8,9;8,0;9,1;11,7;8,0;6,3;9,7;11,8;8,6;8,4;8,8;7,0;6,0;7,4;7,5;10,0;7,4;11,4;7,9;7,8;8,7;5,7;9,8;8,4;9,0;8,9;6,2;8,2;8,6;10,5;9,0;8,8;11,2;7,8;9,0;11,6;7,9;9,6;9,6;12,0;6,4;5,8;6,7;9,3;9,0;10,2;6,0;5,2;8,2;11,6;6,3;4,9;8,9;10,5;7,5;7,9;9,9;8,3;9,3;7,1;9,5;8,4;8,9;5,6;6,8;9,0;7,2;7,0;11,0
1986;3;6,3;5,4;10,6;10,6;7,4;6,7;9,0;8,4;11,1;7,0;8,6;9,8;10,7;10,1;9,0;9,3;11,4;8,0;7,8;9,2;11,6;7,8;9,5;8,2;8,9;8,1;8,5;9,0;7,8;8,9;11,7;8,0;6,3;9,7;11,7;8,8;8,5;8,8;6,8;5,8;7,2;7,4;10,0;7,4;11,5;7,6;7,8;8,5;5,9;9,9;8,5;8,9;8,7;6,3;8,2;8,7;10,5;9,0;8,9;11,1;7,8;8,8;11,6;7,8;9,6;9,8;12,0;6,4;5,6;6,7;9,0;8,9;10,2;6,0;5,2;8,1;11,6;6,3;4,8;9,0;10,3;7,5;8,0;9,9;8,3;9,4;7,1;9,7;8,4;8,8;5,6;6,7;9,0;7,1;7,0;11,0
1986;2;6,4;5,2;10,5;10,6;7,4;6,6;9,1;8,3;11,0;7,0;8,8;9,6;10,5;10,1;9,1;9,2;11,4;8,0;7,8;9,0;11,7;7,7;9,5;8,2;8,9;8,1;8,3;8,9;7,9;8,7;11,5;7,9;6,2;9,6;11,6;8,8;8,5;8,9;6,6;5,8;7,1;7,4;10,1;7,4;11,4;7,5;7,7;8,6;6,0;9,8;8,4;9,3;8,8;6,3;8,3;8,4;10,3;8,7;8,8;11,0;7,7;8,6;11,5;7,8;9,5;9,7;11,8;6,6;5,8;6,5;9,1;8,7;10,0;5,9;5,0;8,1;11,4;6,4;5,0;8,9;10,2;7,4;7,7;9,8;8,2;9,3;7,1;9,5;8,3;8,8;5,8;6,7;8,9;7,0;7,2;11,0
1986;1;6,3;5,0;10,3;10,3;7,1;6,4;9,1;8,2;11,1;7,0;8,7;9,3;10,2;10,0;8,9;8,8;11,1;7,8;7,7;8,9;11,6;7,5;9,3;8,1;8,7;8,0;8,2;8,8;7,9;8,6;11,2;7,9;6,0;9,4;11,3;8,5;8,4;8,7;6,5;5,7;6,9;7,4;10,1;7,3;11,2;7,5;7,6;8,7;6,1;9,5;8,3;9,8;9,0;6,0;8,3;8,2;10,1;8,7;8,5;10,7;7,6;8,4;11,2;7,7;9,2;9,3;11,5;7,1;6,0;6,4;9,1;8,6;9,8;5,9;4,9;8,0;11,1;6,3;5,2;8,8;10,0;7,3;7,4;9,7;8,0;9,1;7,1;9,4;8,1;8,6;5,8;6,7;8,8;6,8;7,2;11,0
1985;4;6,4;5,1;10,4;10,4;7,2;6,4;9,5;8,3;11,5;7,3;8,8;9,3;10,2;10,1;8,8;8,9;11,1;7,7;7,8;9,2;11,4;7,5;9,4;8,1;8,8;8,1;8,2;8,9;7,8;8,9;11,3;8,2;6,1;9,6;11,3;8,4;8,3;8,8;6,7;5,7;7,0;7,2;10,4;7,3;11,2;7,4;7,7;8,8;6,0;9,5;8,2;9,9;9,2;6,1;8,3;8,1;10,2;8,9;8,3;10,7;7,6;8,5;11,1;7,8;9,3;9,3;11,4;7,6;6,5;6,5;9,0;8,7;9,9;6,0;5,0;8,0;11,0;6,2;5,3;8,9;10,4;7,5;7,6;9,9;8,0;9,3;7,2;9,4;8,1;9,0;5,8;6,7;8,8;6,6;7,2;11,2
1985;3;6,4;5,3;10,5;10,4;7,4;6,6;9,7;8,4;11,7;7,4;8,7;9,6;10,4;10,3;8,6;8,9;10,9;7,7;7,6;9,3;11,0;7,6;9,6;8,1;8,9;8,2;8,3;9,0;7,6;9,2;11,6;8,3;6,1;9,6;12,0;8,3;8,2;8,7;6,9;5,8;7,1;7,0;10,4;7,4;11,3;7,8;7,6;8,9;6,1;9,3;8,4;9,7;9,2;6,2;8,3;8,3;10,3;8,9;8,3;10,7;7,7;8,5;11,1;7,7;9,3;9,3;11,5;7,7;6,8;6,6;8,9;8,9;9,9;6,2;5,3;7,8;10,9;6,2;5,2;9,0;10,8;7,5;7,6;10,1;8,3;9,4;7,4;9,1;8,1;9,4;5,7;6,6;8,5;6,6;7,0;11,3
1985;2;6,2;5,5;10,4;10,1;7,4;6,6;9,6;8,5;11,7;7,4;8,4;9,7;10,4;10,4;8,5;8,9;10,9;7,7;7,4;9,3;10,8;7,7;9,7;7,9;8,7;7,9;8,5;9,0;7,5;9,2;11,6;8,1;6,4;9,5;12,4;8,2;8,1;8,4;7,0;5,5;7,0;7,0;10,2;7,2;11,2;7,9;7,4;8,8;6,2;9,3;8,5;9,2;8,8;6,4;8,2;8,6;10,5;9,1;8,3;10,7;7,8;8,5;11,1;7,5;9,4;9,3;11,7;7,5;6,6;6,5;8,6;9,2;9,9;6,3;5,7;7,6;10,8;6,1;4,9;8,7;10,7;7,4;7,5;9,9;8,4;9,5;7,5;9,1;8,3;9,3;5,6;6,3;8,3;6,5;6,7;11,0
1985;1;6,3;5,6;10,5;10,3;7,4;6,6;9,5;8,7;11,7;7,6;8,3;9,9;10,4;10,4;8,8;8,9;11,1;7,8;7,5;9,3;10,9;7,9;9,7;8,1;8,6;8,0;8,6;9,1;7,3;9,2;11,6;8,1;6,8;9,6;12,4;8,4;8,2;8,4;7,1;5,7;7,1;7,3;10,1;7,5;11,3;7,7;7,5;8,5;6,4;9,4;8,5;8,7;8,8;6,6;8,4;8,8;10,7;9,0;8,4;10,9;7,8;8,6;11,5;7,4;9,7;9,5;11,6;7,3;6,3;6,5;8,5;9,4;9,9;6,4;5,7;7,5;11,2;6,2;4,8;8,8;10,6;7,4;7,6;9,9;8,4;9,8;7,3;9,3;8,8;9,2;5,6;6,0;8,2;6,6;6,7;10,9
1984;4;6,3;5,4;10,5;10,3;7,2;6,5;9,4;8,6;11,5;7,7;8,2;9,8;10,2;10,3;8,7;8,6;11,0;7,9;7,2;9,0;11,0;7,9;9,6;8,3;8,3;8,1;8,4;9,0;7,3;8,8;11,1;7,9;6,7;9,6;12,1;8,4;8,2;8,4;7,1;5,8;7,1;7,4;9,9;7,6;11,1;7,3;7,3;8,4;6,4;9,2;8,3;8,4;8,9;6,4;8,5;8,7;10,2;8,8;8,4;10,9;7,7;8,4;11,5;7,4;9,5;9,4;11,1;7,1;6,1;6,3;8,6;9,3;9,6;6,3;5,6;7,3;11,1;6,2;4,6;8,8;10,4;7,4;7,3;9,6;8,0;9,6;7,0;9,2;8,9;8,9;5,6;5,9;8,0;6,4;6,5;10,6
1984;3;6,1;5,1;10,3;10,2;7,0;6,5;9,2;8,6;11,2;7,6;7,9;9,4;9,9;10,1;8,4;8,2;10,7;7,6;6,8;8,9;11,5;7,8;9,1;8,1;8,0;8,0;8,2;8,9;7,3;8,5;10,8;7,9;6,3;9,4;11,5;8,3;7,8;8,1;6,9;5,4;6,9;7,3;9,8;7,5;10,7;6,9;7,3;8,4;6,4;9,0;7,9;8,4;8,6;6,2;8,4;8,6;9,9;8,6;8,1;10,8;7,5;8,1;11,3;7,3;9,2;9,3;10,8;7,0;5,8;6,1;8,5;9,1;9,3;5,9;5,5;7,2;11,0;6,1;4,5;8,3;10,0;7,4;7,1;9,5;7,6;9,4;6,6;9,1;8,7;8,9;5,6;5,8;7,8;6,2;6,4;10,4
1984;2;6,1;5,0;10,1;9,8;6,7;6,5;9,6;8,4;10,8;7,5;7,4;9,1;9,6;9,8;8,0;8,0;10,5;7,3;6,4;8,9;11,5;7,6;8,7;7,9;7,6;8,0;7,8;8,7;7,0;8,4;10,6;8,0;6,1;9,2;11,2;8,1;7,7;7,9;6,7;5,2;6,6;7,1;9,7;7,3;10,2;6,6;7,2;8,1;6,4;8,6;7,7;8,1;8,3;5,9;8,1;8,5;9,6;8,3;7,8;10,4;7,3;7,9;10,9;7,2;9,0;9,1;10,5;6,8;5,7;5,9;8,1;8,8;9,2;5,7;5,3;7,1;10,7;5,8;4,4;8,1;9,6;7,3;7,0;9,5;7,5;9,2;6,3;8,9;8,4;8,8;5,4;5,6;7,6;6,0;6,2;10,2
1984;1;6,0;4,7;9,6;9,0;6,5;6,4;9,9;7,9;10,2;7,1;6,7;8,8;9,3;9,5;7,4;7,8;10,1;6,9;5,9;8,5;11,0;7,2;8,4;7,3;7,3;7,6;7,3;8,2;6,7;8,0;10,2;7,9;5,8;8,9;10,8;7,6;7,2;7,6;6,2;4,9;6,5;6,7;9,1;6,7;9,8;6,2;6,7;7,8;6,1;8,2;7,3;7,7;7,7;5,5;7,7;8,1;9,1;7,9;7,4;9,8;7,2;7,6;10,3;6,8;8,5;8,7;9,9;6,5;5,5;5,5;7,5;8,3;8,8;5,5;5,2;6,9;10,2;5,6;4,1;7,6;9,0;6,9;6,7;9,1;7,1;8,8;6,0;8,2;7,8;8,5;5,2;5,4;7,3;5,8;5,8;9,7
1983;4;5,7;4,4;9,1;8,0;6,4;6,2;9,5;7,5;9,5;6,8;6,3;8,1;8,6;9,1;7,2;7,5;9,5;6,3;5,5;8,0;10,7;6,8;7,9;6,5;7,3;7,3;6,9;7,7;6,3;7,6;9,4;7,4;5,7;8,4;10,3;7,2;6,6;7,1;5,8;4,6;6,1;6,4;8,4;6,2;9,2;6,1;6,2;7,4;5,7;7,7;6,8;7,3;7,3;5,1;7,3;7,6;8,5;7,6;6,9;9,3;6,9;7,2;9,7;6,5;7,9;8,1;9,5;6,2;5,2;5,2;7,0;7,8;8,5;5,4;5,0;6,7;9,6;5,4;3,9;7,2;8,5;6,6;6,4;8,4;6,6;8,1;5,6;7,7;7,3;7,9;5,1;5,1;6,9;5,5;5,5;9,0
1983;3;5,5;4,2;8,7;7,5;6,0;5,7;9,2;7,3;9,1;6,7;6,0;7,8;8,2;8,9;6,9;7,2;9,3;5,9;5,3;7,9;10,4;6,5;7,6;6,1;6,8;6,9;6,6;7,4;6,0;7,3;9,1;7,2;5,7;8,1;9,9;6,8;6,2;6,6;5,5;4,5;5,8;6,4;7,9;6,0;8,8;5,8;5,8;7,1;5,5;7,3;6,4;7,1;7,1;4,8;7,2;7,2;8,2;7,2;6,6;8,9;6,6;7,0;9,3;6,2;7,5;7,7;9,1;6,0;4,9;5,0;6,7;7,5;8,2;5,2;5,0;6,5;9,1;5,1;3,7;6,9;8,0;6,3;6,4;7,9;6,4;7,7;5,3;7,2;7,0;7,6;5,0;4,8;6,7;5,2;5,3;8,7
1983;2;5,4;4,0;8,4;7,4;5,9;5,6;9,0;7,0;8,8;6,9;5,6;7,7;8,3;8,7;6,8;7,1;9,3;5,5;5,1;7,9;10,2;6,3;7,4;5,8;6,2;6,6;6,3;7,1;5,8;7,0;9,0;7,2;5,5;8,1;9,7;6,7;5,9;6,3;5,3;4,6;5,6;6,2;7,6;5,8;8,8;5,4;5,8;7,0;5,2;7,2;6,2;6,8;6,8;4,7;6,9;6,9;8,0;6,9;6,4;8,5;6,4;7,0;9,0;6,1;7,3;7,6;8,6;5,8;4,7;5,0;6,5;7,1;7,9;5,0;4,9;6,3;8,8;4,9;3,6;6,7;7,9;6,3;6,2;7,7;6,1;7,6;5,1;6,9;6,8;7,6;4,9;4,7;6,5;5,1;5,2;8,7
1983;1;5,3;4,0;8,4;7,4;5,9;5,5;8,9;6,9;8,8;7,1;5,6;7,5;8,6;8,7;6,8;7,0;9,2;5,4;5,0;7,8;9,9;6,2;7,4;5,5;5,9;6,7;6,2;7,0;5,7;6,9;8,9;7,3;5,3;8,2;9,5;6,7;5,7;6,4;5,4;4,8;5,6;5,9;7,6;5,8;8,7;5,3;5,7;7,1;5,1;7,1;6,2;6,7;6,6;4,7;6,8;6,9;7,8;6,8;6,2;8,5;6,3;7,1;8,9;6,2;7,3;7,6;8,4;5,7;4,6;5,1;6,6;6,9;7,6;4,8;5,0;6,3;8,8;4,9;3,6;6,7;8,0;6,4;6,1;7,7;5,9;7,5;5,0;6,9;6,6;7,8;4,9;4,8;6,6;5,1;5,2;8,5
1982;4;5,3;4,0;8,3;7,4;5,8;5,1;8,9;6,9;8,9;7,1;5,8;7,4;8,5;8,7;6,9;7,0;9,2;5,6;5,0;7,3;9,3;6,1;7,4;5,4;5,9;6,7;6,2;6,9;5,9;7,0;8,7;7,6;5,2;8,2;9,6;6,8;5,7;6,3;5,5;4,8;5,6;5,8;7,7;5,8;8,6;5,3;5,5;7,0;5,1;7,2;6,2;6,7;6,5;4,7;6,8;7,1;7,7;6,8;6,3;8,6;6,5;7,2;9,0;6,2;7,3;7,6;8,6;5,7;4,6;5,1;6,9;6,7;7,7;4,8;5,0;6,2;8,9;5,0;3,7;6,7;8,0;6,3;6,3;7,5;6,0;7,5;5,0;6,9;6,7;7,7;5,1;4,8;6,7;5,3;5,2;8,4
1982;3;5,3;3,8;8,4;7,3;5,5;4,8;8,8;6,8;8,9;7,1;5,8;7,2;8,3;8,5;7,1;7,1;9,0;5,5;4,9;6,9;8,7;6,0;7,3;5,4;5,8;6,6;6,0;6,7;5,9;6,7;8,6;7,7;5,2;8,2;9,6;6,8;5,7;6,2;5,5;4,8;5,6;5,6;7,6;5,7;8,6;5,2;5,3;7,0;5,0;7,2;6,1;6,8;6,5;4,6;6,8;7,3;7,5;6,6;6,6;8,6;6,5;7,1;9,0;6,1;7,2;7,4;8,4;5,5;4,6;5,1;7,1;6,3;7,7;4,8;4,9;6,2;9,0;5,0;3,7;6,9;8,0;6,2;6,1;6,8;5,8;7,3;5,0;6,9;6,8;7,4;5,1;4,8;6,8;5,4;5,2;8,1
1982;2;5,1;3,7;8,3;7,2;5,4;4,7;8,4;6,5;8,8;7,1;5,9;7,0;8,2;8,5;6,8;6,7;8,8;5,4;4,7;6,8;8,3;5,9;7,0;5,4;5,6;6,4;5,7;6,7;5,7;6,3;8,4;7,5;5,0;8,1;9,1;6,7;5,5;6,1;5,4;4,8;5,5;5,5;7,3;5,5;8,5;5,0;5,0;6,9;4,9;6,9;6,0;6,7;6,4;4,4;6,8;6,8;7,2;6,4;6,5;8,4;6,3;7,0;8,9;5,9;7,2;7,0;8,0;5,2;4,5;4,9;7,0;6,1;7,4;4,6;4,8;6,1;9,0;5,0;3,7;6,9;8,0;6,2;5,6;6,2;5,5;6,9;4,8;6,9;6,5;7,4;5,0;4,8;6,6;5,3;5,0;7,8
1982;1;4,9;3,6;8,1;7,0;5,2;4,7;8,2;6,3;8,5;7,2;5,9;6,9;8,1;8,5;6,4;6,5;8,6;5,4;4,6;6,7;8,0;5,9;6,8;5,3;5,4;6,2;5,6;6,7;5,7;6,2;8,0;7,3;4,9;7,8;8,8;6,6;5,3;6,0;5,2;4,8;5,3;5,4;7,4;5,4;8,3;4,8;4,9;6,7;4,9;6,7;5,9;6,6;6,4;4,3;6,7;6,5;6,9;6,1;6,1;8,2;6,3;6,9;8,8;5,8;7,0;6,9;7,6;5,0;4,4;4,9;6,8;5,9;7,1;4,4;4,7;6,0;9,0;5,0;3,7;6,7;7,9;6,2;5,6;6,1;5,4;6,8;4,7;6,8;6,3;7,4;5,0;4,8;6,5;5,3;5,0;7,7
